1.4025459289550781	-0.531955897808075	-0.63804692029953	-0.7416717410087585	0.514319896697998	-0.7924637198448181	-0.3805123567581177	-0.5341290831565857	-0.2766087055206299	0.9451494812965393	-0.5095942616462708	-0.43695512413978577	0.5672503113746643	0.24870848655700684	0.07823300361633301	-0.12179408222436905	-0.9949897527694702	0.43307948112487793	-0.3305817246437073	-0.5701231956481934	0.8131733536720276	-0.15386372804641724	-1.5474212169647217	-0.26313021779060364	1.0080151557922363	0.9092763662338257	0.854701578617096	0.8105052709579468	0.9235243201255798	0.43839824199676514	0.21203957498073578	1.2345161437988281	0.6258271336555481	1.2947477102279663	0.8676069378852844	0.26420384645462036	0.0015839915722608566	-0.9474297165870667	-0.9265041947364807	-0.508053183555603	0.5952479839324951	1.1373987197875977	-0.9408657550811768	-0.5009220838546753	-1.1207289695739746	-0.4087756872177124	-2.2023122310638428	0.7313862442970276	2.138000011444092	-0.09090349823236465	0.14924180507659912	1.2594399452209473	-0.4683186113834381	-0.3057993948459625	-1.7577177286148071	-0.5926291942596436	0.3907710313796997	0.549206554889679	-0.5160641670227051	-0.27120864391326904	0.7642021179199219	-0.1935986429452896	0.07445359975099564	-0.5347927212715149	0.7003200054168701	-0.4563794732093811	0.5817080736160278	0.7547006011009216	0.9007138609886169	-0.41777023673057556	-1.3891260623931885	0.42890408635139465	-0.8913790583610535	0.08433041721582413	-0.3475043773651123	-1.253803014755249	-0.3123246729373932	-0.018919622525572777	-1.486751675605774	0.6877993941307068	0.8424606323242188	0.2584497332572937	-0.15587198734283447	-0.9913613200187683	0.8455760478973389	-1.8818479776382446	0.4609791338443756	1.1126748323440552	1.2645856142044067	-0.11180723458528519	1.0571577548980713	0.4847252368927002	0.4949790835380554	-0.589713990688324	-0.5064606666564941	-2.0106863975524902	1.902772307395935	-0.5088424682617188	-1.17247474193573	1.2540674209594727	-1.0196137428283691	1.0227075815200806	0.4833413064479828	-0.8107165098190308	1.0882374048233032	-0.5307911038398743	-0.8801324963569641	-0.5112074613571167	-0.3744911551475525	-1.015998363494873	-0.2077317088842392	-1.1862492561340332	0.378965824842453	1.9546031951904297	-1.2476226091384888	-0.9655458927154541	1.0959875583648682	0.6670235395431519	1.8002196550369263	0.288687139749527	-1.2874730825424194	-1.2085084915161133	0.43803003430366516	-1.2776881456375122	1.3290560245513916	0.8024787902832031	-1.694128394126892	0.28378406167030334
-0.10152911394834518	0.5312320590019226	-2.2589290142059326	-1.4293956756591797	-0.6102795600891113	1.1021907329559326	-1.0191383361816406	0.46080461144447327	-0.8709338903427124	-0.5688076019287109	-0.1544989049434662	-0.5665429830551147	1.9786146879196167	0.0845063254237175	-0.25019463896751404	0.20566073060035706	0.26640215516090393	-0.8195742964744568	-1.5380396842956543	-0.5641579627990723	1.1010925769805908	-0.1288623958826065	-0.6818236708641052	0.5206310749053955	0.28487780690193176	-0.7958052754402161	1.561553716659546	-0.21743275225162506	-1.3765275478363037	1.00636625289917	0.5009925365447998	0.3248806297779083	-1.328027606010437	-0.8566239476203918	0.5847692489624023	0.9067798256874084	1.2802495956420898	0.9775915741920471	1.7339413166046143	0.46921786665916443	0.3073185086250305	0.5187700986862183	0.2636454403400421	0.9928858876228333	0.2042284458875656	-0.011392633430659771	-0.8049166202545166	-0.002208700869232416	0.7380737066268921	-1.0427565574645996	-0.5499956607818604	-0.06521892547607422	1.026166319847107	-1.6122208833694458	0.5514822006225586	1.162808895111084	-0.33068376779556274	0.5675020217895508	0.9276377558708191	-0.8064779043197632	0.5074628591537476	0.5296888947486877	-1.0472452640533447	0.960056722164154	-0.3908017575740814	-0.2905847132205963	-0.0230764988809824	0.9929360747337341	0.609430730342865	-0.036288198083639145	-0.5431989431381226	0.42461487650871277	-1.0194233655929565	0.2674751877784729	0.5528106689453125	-0.41632723808288574	0.25079023838043213	0.25299540162086487	0.3669159412384033	-0.20768938958644867	-1.224936604499817	-0.2639564871788025	1.6472057104110718	1.4098142385482788	0.23991727828979492	-0.4130680561065674	0.6658710241317749	1.731708288192749	0.7701645493507385	-0.022002188488841057	-0.4851604104042053	0.31157228350639343	-0.04276910051703453	0.41372978687286377	-0.33718281984329224	-2.4301209449768066	0.7981430292129517	-0.5108428001403809	-0.0673498660326004	-0.46944212913513184	1.7261264324188232	-1.5864460468292236	-0.45000624656677246	1.2067561149597168	0.6715940237045288	0.6304222345352173	-0.29035311937332153	0.45745372772216797	-0.7748243808746338	2.4762659072875977	-0.07421300560235977	1.5975760221481323	-0.6517201066017151	-1.3852607011795044	0.7328214049339294	1.141627550125122	-0.6736767292022705	-0.6725332140922546	-0.8904919624328613	-0.44640347361564636	-1.158788800239563	0.2284117043018341	-0.6123121380805969	0.816129744052887	0.06156327202916145	0.5009845495223999	-0.8854087591171265	2.4113805294036865
0.1763777732849121	-2.5792479515075684	-0.8856287002563477	0.08731359988451004	1.5365229845046997	0.20408110320568085	-0.5411440134048462	-0.5870898962020874	0.004115295130759478	1.7000205516815186	2.328127145767212	0.19883838295936584	0.25164520740509033	-0.782930314540863	-1.4711989164352417	0.8612570762634277	1.4498748779296875	-0.4719831347465515	0.30345210433006287	-1.7879222631454468	-0.3375883400440216	0.318120539188385	-0.8559591770172119	-0.2791970372200012	-0.8823168277740479	0.004711839836090803	-0.6210812926292419	0.9236761927604675	-0.5482239723205566	-1.1998616456985474	1.128016471862793	-0.871002733707428	0.8009939193725586	-1.2438409328460693	-0.5391010046005249	-0.8650026321411133	2.557645559310913	-0.4848446547985077	-0.35893574357032776	-0.8735598921775818	-0.16534411907196045	1.0956896543502808	0.7235029339790344	-0.2645896375179291	-0.9571853876113892	-1.5393831729888916	-0.1600695699453354	0.7374759912490845	-0.2840803265571594	-0.03270729258656502	0.5923014283180237	0.43849894404411316	-0.04634997993707657	-0.29000037908554077	1.4824501276016235	-0.07928302139043808	0.36541444063186646	-0.5014029145240784	-0.8691845536231995	-0.07220165431499481	-2.010462999343872	0.36853429675102234	0.42039769887924194	0.7330954670906067	-0.2000911980867386	-0.7361473441123962	0.732077956199646	-0.9796398878097534	1.728866457939148	1.2329202890396118	-0.29061925411224365	0.8145046830177307	1.078525185585022	-0.5162723064422607	-0.6449460983276367	-0.6540206074714661	2.444364547729492	2.50593900680542	-1.151742696762085	-0.3486202359199524	0.030565466731786728	1.91240656375885	-0.17849643528461456	0.21423044800758362	-0.24178805947303772	0.8460991382598877	0.007588134612888098	1.0156323909759521	0.6068703532218933	-1.7325918674468994	-0.3306121826171875	-0.2593636214733124	0.34512484073638916	-0.6076131463050842	-1.9827241897583008	-0.8629193305969238	-0.3784470558166504	-0.9778637886047363	-0.3218350410461426	1.8670082092285156	-0.2028316706418991	-0.40052998065948486	0.5487324595451355	1.3984603881835938	0.275310218334198	-1.2071717977523804	0.3560325503349304	-1.765978455543518	0.3775276243686676	-1.243494987487793	0.8260493874549866	0.34791260957717896	1.5704792737960815	0.1625351905822754	-0.11881130188703537	-0.34253379702568054	0.3983488082885742	-0.36296164989471436	1.8822579383850098	0.2725149691104889	-0.798605740070343	0.016506673768162727	0.7844605445861816	0.30864477157592773	-1.265175461769104	-1.0552414655685425	0.817907452583313	1.3511204719543457
0.25205445289611816	0.1922304481267929	-0.9481747150421143	1.1198452711105347	0.01495019905269146	0.11333749443292618	-1.429061770439148	-1.7937986850738525	-0.7362385392189026	1.3536808490753174	0.27955368161201477	-0.8698844909667969	0.3722514510154724	0.6367828845977783	0.8794546127319336	-0.11817861348390579	-1.497481107711792	-0.13941432535648346	-0.2806379199028015	-2.0941531658172607	-0.9310913681983948	-1.0935087203979492	-0.850341260433197	0.5763953924179077	0.11241400986909866	-0.15943722426891327	-0.6414975523948669	-0.3013257384300232	-0.3999024033546448	0.3245946764945984	-0.2720573842525482	-0.4888753890991211	-1.6945399045944214	-1.2402963638305664	0.3977891206741333	-0.04108047112822533	0.6159429550170898	0.2963431179523468	-0.21760866045951843	-0.14959950745105743	0.9188504219055176	-1.9398943185806274	0.532404363155365	-1.5975414514541626	-0.8631799817085266	0.7615129351615906	-2.2948055267333984	0.6148486733436584	-1.2973061800003052	-0.12442783266305923	-0.8498968482017517	0.2505160868167877	-1.0975910425186157	-0.7741252183914185	0.7404535412788391	-0.9633812308311462	0.7566118240356445	1.859916090965271	-0.32093438506126404	-0.9617031812667847	-0.11778075248003006	0.5133112668991089	3.5937469005584717	-1.0594491958618164	-0.42488324642181396	-0.7761326432228088	0.22361858189105988	-1.6729919910430908	-0.6733585596084595	-0.30891546607017517	-0.4831927418708801	-1.7279503345489502	1.801694393157959	-1.5211431980133057	0.6908680200576782	0.3869810700416565	0.703959584236145	0.5562472939491272	0.1304815709590912	-1.5285167694091797	1.1730841398239136	0.9140929579734802	0.7421435713768005	0.20093907415866852	-0.035571128129959106	-0.3030816316604614	1.3082655668258667	0.8738480806350708	-0.6820909380912781	-0.8471114635467529	0.3366585075855255	-0.49302107095718384	1.063628077507019	0.4636707603931427	-0.16672378778457642	-1.0995512008666992	0.19601485133171082	-0.5382270216941833	0.24026155471801758	-1.0676134824752808	-0.2317349761724472	-0.08856160938739777	0.21129126846790314	-0.02453789673745632	-1.4742251634597778	-0.12408042699098587	0.29906198382377625	1.1932249069213867	0.5386531352996826	0.37876152992248535	-2.5067474842071533	-1.2021912336349487	1.1890678405761719	0.13022851943969727	-0.49534791707992554	-0.17726507782936096	3.1233739852905273	-1.0497143268585205	0.2799241244792938	1.323785424232483	1.5775456428527832	-1.3681052923202515	0.21878907084465027	0.14139701426029205	0.6064521670341492	-0.38066497445106506	0.7786267995834351	-0.13635502755641937
-0.0720994770526886	0.6814159154891968	0.7677753567695618	-0.6518930792808533	-1.0872831344604492	1.4812127351760864	-0.37635868787765503	2.1450586318969727	-0.03137999400496483	-0.11978571861982346	-0.38685959577560425	1.5391738414764404	1.4931514263153076	0.24920512735843658	-0.3558579087257385	-1.7775194644927979	-1.2192097902297974	-0.7303252220153809	0.7722368836402893	0.35800909996032715	-3.3342113494873047	-0.24715197086334229	-2.087003469467163	-0.1510523557662964	-0.6247493624687195	0.7851700186729431	-0.659564197063446	-1.1361485719680786	3.013904094696045	0.40511444211006165	-0.11727169901132584	-1.2097514867782593	0.35907474160194397	-1.5650206804275513	0.46629393100738525	0.5352360010147095	-0.5652115345001221	-1.49262273311615	-1.1975140571594238	0.515656054019928	-0.48222312331199646	-1.6032326221466064	0.8293519616127014	0.38677358627319336	0.7444133758544922	0.11334703117609024	0.6600620150566101	0.9308536052703857	-2.561408281326294	0.4458765685558319	0.7357169389724731	-1.8662927150726318	-0.3200119435787201	0.7693602442741394	0.16886009275913239	-0.24015967547893524	-0.5768271684646606	0.5523982048034668	0.6072832345962524	-1.3813070058822632	-0.2283596396446228	0.8287414312362671	-1.4021120071411133	-1.4083536863327026	2.001776933670044	0.2192799597978592	-1.094820261001587	0.7173141837120056	0.8331230282783508	1.3124430179595947	0.08708157390356064	-1.3020579814910889	-0.8522868156433105	0.7608301639556885	1.8512341976165771	-0.6071337461471558	-0.5131196975708008	0.3028150200843811	0.7462673187255859	-0.3184278607368469	0.4106002449989319	0.7188841104507446	-1.2067118883132935	1.8617160320281982	1.2460936307907104	-0.6568787097930908	-0.40899527072906494	-0.9060951471328735	0.27764439582824707	-1.9268654584884644	0.3266136944293976	-0.5104013681411743	0.015797654166817665	-1.6041390895843506	-0.15873898565769196	0.02233264595270157	-0.4815422594547272	-1.4900323152542114	0.3197113573551178	-1.155627965927124	0.12653878331184387	-1.7210091352462769	-0.5597912073135376	0.6563547253608704	-0.43116670846939087	-1.309971570968628	-0.9251800775527954	0.612920343875885	0.6258488297462463	-0.9162269830703735	-0.005836802069097757	0.9063370823860168	-1.3170441389083862	0.5306864380836487	0.9806009531021118	-0.32540786266326904	-0.7222415804862976	-0.18430744111537933	-0.18648113310337067	-0.291714072227478	-1.3757530450820923	-0.9865284562110901	-0.10302295535802841	-0.2704337537288666	-1.1378973722457886	0.5683774948120117	-0.10964689403772354	0.0026447572745382786
-0.19720026850700378	0.7143080234527588	-0.014186280779540539	-0.5572525858879089	0.9388411641120911	0.3133581578731537	0.43528416752815247	-0.02332700416445732	-0.2186882644891739	-0.18567650020122528	0.23923540115356445	1.340755581855774	2.276003360748291	-0.34202244877815247	0.20926755666732788	0.2505033612251282	-1.0275700092315674	-0.7560151219367981	-2.064530849456787	-0.19276069104671478	-0.6362699866294861	-0.6514045596122742	0.8438681364059448	0.8273491859436035	-0.012863319367170334	0.5767205953598022	0.627970278263092	0.0875140056014061	-1.4063748121261597	0.1811789721250534	0.0012075687991455197	-1.0121781826019287	-0.5456070303916931	1.653565526008606	0.36090606451034546	0.25360625982284546	-0.7848106026649475	-0.853809118270874	-0.5572508573532104	-0.603446900844574	1.6415573358535767	-0.9146047830581665	-0.1150360107421875	-1.0580122470855713	0.9576560258865356	0.21092082560062408	1.1764905452728271	0.10626772046089172	-2.5400171279907227	2.0061371326446533	-0.963612973690033	-2.445842742919922	0.2263711541891098	0.47138890624046326	-0.4484841227531433	-2.1487295627593994	0.03160761296749115	-2.248837471008301	0.25894421339035034	1.1790107488632202	-0.5036758184432983	-0.5237411856651306	-0.4709782302379608	0.10071165859699249	0.7451096177101135	-1.263857364654541	-0.5922238230705261	-0.6529185771942139	1.4771454334259033	-0.05223663151264191	2.2229504585266113	-0.7584633827209473	1.4980701208114624	-0.7337279915809631	0.25723445415496826	0.8638241291046143	-0.9867964386940002	-1.2852052450180054	0.968439519405365	0.3880016505718231	-0.4006279706954956	-0.506956160068512	-0.13919749855995178	-0.7910487651824951	-0.7753332257270813	-0.5801143646240234	-1.25625479221344	-0.9029555320739746	-0.9704728722572327	0.9345083832740784	0.6143006682395935	-0.8248367309570312	1.0506333112716675	0.19031576812267303	0.6643308997154236	-0.7233237028121948	-2.5816915035247803	-1.02805495262146	0.33760660886764526	-0.496967613697052	-0.5697155594825745	-0.22054781019687653	-0.7169785499572754	0.32054418325424194	0.5663241147994995	2.040566921234131	0.4435231387615204	0.2542056143283844	1.9342890977859497	0.46720343828201294	1.5756371021270752	0.06638883054256439	-0.6191741824150085	-0.29327595233917236	2.0636188983917236	-1.3699051141738892	0.4989933371543884	-2.9477641582489014	-0.6786214113235474	0.8432704210281372	1.4252570867538452	1.7421847581863403	-1.3517584800720215	-0.006032007746398449	0.6106317043304443	-2.2886149883270264	1.7206292152404785	-1.0879679918289185
0.9609879851341248	1.3793134689331055	2.321077346801758	-0.3721192479133606	0.7674959897994995	-0.478934109210968	1.1872302293777466	1.030981183052063	1.4188377857208252	-1.6774041652679443	-0.27604731917381287	1.4783880710601807	-0.04794127121567726	-1.7180134057998657	-0.6442592144012451	1.158101201057434	-0.2505861818790436	-0.6157328486442566	0.8209459781646729	-1.44734525680542	-1.6020889282226562	0.2696066200733185	0.7667884826660156	0.055531349033117294	-0.5506236553192139	0.49275171756744385	1.3484477996826172	0.359686940908432	0.2929497957229614	-0.9716828465461731	-1.1520013809204102	-1.098707675933838	0.0981026440858841	1.4774668216705322	0.8495569825172424	-0.30233776569366455	1.013971209526062	-0.09534216672182083	-0.2762073874473572	0.35599851608276367	-0.12198192626237869	-1.1136261224746704	-0.16732025146484375	1.014545202255249	-1.6258857250213623	-0.8109945058822632	0.09522589296102524	0.7787345051765442	0.3323972523212433	0.086507648229599	1.4986584186553955	0.5602671504020691	0.5584827661514282	0.6731539368629456	0.15732169151306152	2.4165382385253906	0.22899608314037323	-1.239535927772522	-0.7653724551200867	-0.31848183274269104	-0.13310256600379944	-1.628436803817749	-0.8419384360313416	1.0811680555343628	0.6034774780273438	0.39028266072273254	0.08973098546266556	-0.41928359866142273	-0.9554994106292725	1.4345823526382446	-0.7368454337120056	1.279099702835083	0.020410971716046333	-0.8933020830154419	0.46778690814971924	0.8513757586479187	-1.107946515083313	-0.5413768291473389	1.9685015678405762	-0.9724135994911194	-0.811332106590271	0.33786898851394653	0.4582225978374481	-0.00427582859992981	1.398559331893921	0.439944326877594	-1.4351050853729248	-0.06624102592468262	0.7803928852081299	-1.3069231510162354	-0.7820175290107727	-0.48865649104118347	0.46770304441452026	0.5042394995689392	0.9487478137016296	-0.01550915464758873	1.7662022113800049	-0.03834168612957001	1.7333903312683105	-0.36289718747138977	0.012352125719189644	-1.3844654560089111	1.0801200866699219	0.725370466709137	-0.9367147088050842	1.1512333154678345	0.054626643657684326	1.6707161664962769	1.4727281332015991	2.867398738861084	1.42451012134552	-0.06833204627037048	-0.6493474841117859	1.0987637042999268	-1.3874547481536865	0.21757309138774872	-1.1231013536453247	-1.017005443572998	-0.85538250207901	-1.7873599529266357	-0.188927561044693	0.11634672433137894	-0.5115013718605042	-0.2067553699016571	-1.0238932371139526	0.806816577911377	0.24307869374752045	0.8459349870681763
-1.0646848678588867	-0.797564685344696	0.2067333161830902	-1.1620417833328247	0.6048826575279236	-1.4528591632843018	0.07993550598621368	0.6956676244735718	-0.13503113389015198	0.3195929229259491	-1.428155779838562	-0.6412963271141052	-0.02643781155347824	0.5700734853744507	-0.3417765200138092	0.3997073769569397	1.8645342588424683	0.14688542485237122	-0.7969083189964294	-0.09927204251289368	-1.1069917678833008	0.4229767620563507	-0.4197748005390167	1.377826452255249	1.6090929508209229	-0.45951369404792786	1.1979597806930542	1.3617995977401733	1.2078208923339844	0.9951233267784119	-0.3663746118545532	0.10923108458518982	-1.0511243343353271	-0.2854936420917511	-0.5516920685768127	1.6007859706878662	0.016504349187016487	-0.5863521695137024	1.51677668094635	-1.5923761129379272	0.4929327666759491	2.6412603855133057	0.0018336690263822675	-2.360637664794922	0.24661186337471008	-0.5766082406044006	-1.102881669998169	1.7137962579727173	-1.3612103462219238	-0.9372833967208862	1.5696656703948975	0.6133949756622314	0.21285729110240936	-2.231724500656128	0.8551932573318481	1.5891313552856445	-1.0358009338378906	-0.28629955649375916	0.037028536200523376	0.4271802306175232	0.02918126806616783	0.4980641007423401	-0.2834458649158478	-2.1890783309936523	-0.6880784630775452	0.9617060422897339	1.7884230613708496	-0.6924015283584595	-0.6969571709632874	1.0892025232315063	-0.3552878201007843	-0.0970446765422821	-0.7077907919883728	-2.1678953170776367	0.05214216932654381	-0.047525811940431595	0.19011004269123077	0.34764087200164795	1.4057128429412842	0.5664913654327393	-0.7749064564704895	-0.0420953743159771	-0.439626544713974	0.5407363772392273	-0.47226467728614807	-1.337538480758667	-1.778915524482727	-0.22166863083839417	0.30545246601104736	0.31490761041641235	0.5082937479019165	-0.15614566206932068	0.4731069505214691	-0.7067773342132568	0.4486187696456909	1.8836840391159058	-2.4911112785339355	0.9823622703552246	-1.4023526906967163	0.2601335942745209	-0.43024691939353943	0.2400088757276535	0.3921739459037781	0.6668918132781982	-0.9192333221435547	1.151796817779541	0.625338077545166	0.757305920124054	-1.5084880590438843	-0.34404218196868896	0.39206525683403015	-0.40533220767974854	-0.04418017342686653	0.70072340965271	1.164597988128662	1.1875661611557007	-1.2170132398605347	-1.0268787145614624	-1.1316395998001099	0.9683064222335815	0.3216105103492737	1.8141411542892456	0.16231682896614075	0.09346204996109009	0.7354323267936707	1.3875805139541626	1.227906346321106	0.27737170457839966
1.7206811904907227	0.3126455545425415	-0.2738151252269745	-0.7583364248275757	1.3298375606536865	0.6036891341209412	-0.6969218850135803	-1.3164161443710327	1.2734791040420532	-0.21704034507274628	0.15279722213745117	0.14305928349494934	-1.0266047716140747	0.5130019187927246	0.027219833806157112	0.42477720975875854	0.7692444324493408	1.822237253189087	0.006078694481402636	0.3120783865451813	0.9183632135391235	-0.09951860457658768	-0.10600121319293976	0.34869369864463806	-1.4627994298934937	-1.418744683265686	-1.0003738403320312	1.604035496711731	-0.3915601670742035	-0.42313894629478455	-0.6087663769721985	1.0529628992080688	1.6475151777267456	0.30045831203460693	-0.1508195698261261	0.7413356900215149	1.0290573835372925	-0.4649111032485962	0.1904239058494568	-0.9692636728286743	0.24152304232120514	0.35094478726387024	0.7939276099205017	-0.8646304607391357	1.4302502870559692	1.143362283706665	0.08194189518690109	0.9151716828346252	0.4831618368625641	-0.06424316018819809	-0.818922758102417	-0.3380070626735687	-0.03713596239686012	1.2517119646072388	1.5140025615692139	0.6346139311790466	0.9381270408630371	1.370496392250061	0.22827187180519104	-0.5350935459136963	0.954104483127594	1.0910824537277222	0.11969248205423355	-0.1388826072216034	-0.6086044907569885	-0.9759961366653442	0.48369520902633667	-0.5476640462875366	-1.528818964958191	-1.9906567335128784	-0.560303807258606	0.4061334431171417	0.92891925573349	0.534351646900177	0.5214422941207886	-1.4397333860397339	0.20257510244846344	-0.11872230470180511	2.033090591430664	0.6021419167518616	0.6495764851570129	-1.9142309427261353	-0.719008207321167	-1.0446274280548096	-0.38953471183776855	-1.088221549987793	0.805044412612915	0.5347805619239807	0.3701501190662384	-0.7376291155815125	0.40975242853164673	0.6426893472671509	-0.943699061870575	-0.9385691285133362	0.04288078472018242	-0.4690186381340027	-0.8579522967338562	-0.7078685164451599	-0.9207503795623779	1.7386406660079956	-0.6693657040596008	0.2988227903842926	1.1003849506378174	0.43211960792541504	-0.9018365740776062	0.7106356024742126	-1.749694585800171	2.353347063064575	-0.33946171402931213	-1.0041221380233765	0.32232940196990967	0.2328721284866333	-2.2600045204162598	-0.06865014880895615	0.6734658479690552	-0.1512514054775238	2.386167049407959	-0.12111540138721466	0.11738727241754532	0.046255793422460556	-0.977992594242096	0.3939776122570038	0.27336782217025757	1.0814486742019653	-0.25624507665634155	-1.317204475402832	-0.2894477844238281	0.7726525664329529
-0.03247961401939392	0.1886930912733078	-1.1477222442626953	0.22147685289382935	-0.27782654762268066	0.10188822448253632	2.195183753967285	0.5422069430351257	0.5034836530685425	0.6755353808403015	-1.0219777822494507	0.033285096287727356	0.5673239231109619	-1.6011414527893066	-1.0698610544204712	0.5127405524253845	-2.5854012966156006	1.1238194704055786	0.24655169248580933	-0.3286420702934265	0.693381130695343	0.571837842464447	-2.692373752593994	-1.4338568449020386	2.2354021072387695	-0.6899637579917908	-0.39129191637039185	-1.4442005157470703	-0.4528903663158417	1.7196381092071533	-0.9380276203155518	-1.5322881937026978	-0.0657038763165474	0.4763132929801941	-1.349180817604065	-0.6619293689727783	0.9334635138511658	-0.44281312823295593	-0.8608932495117188	1.8081157207489014	0.24202005565166473	-2.234304666519165	0.3900158107280731	0.05710730329155922	0.23195365071296692	-0.2524530589580536	0.9267520308494568	-0.4674326479434967	0.18522240221500397	0.6756970286369324	-0.009842962957918644	0.30902957916259766	0.5845178365707397	-0.2429192215204239	2.271760940551758	0.3741590678691864	-0.369137167930603	1.4646694660186768	-0.40268656611442566	1.5853564739227295	1.709506869316101	-0.19274602830410004	-2.4907052516937256	1.2267786264419556	0.45325344800949097	-1.1473674774169922	0.18267245590686798	-0.2263130098581314	0.9772334098815918	0.054709482938051224	0.29948851466178894	-0.6429533362388611	-0.9722402095794678	0.5722785592079163	0.9078522324562073	1.61453378200531	-0.3388611376285553	-0.43177667260169983	-0.9191408753395081	0.4244444966316223	-0.4780612289905548	1.1377097368240356	-0.01545898336917162	0.8353241682052612	-3.487462282180786	-0.15828967094421387	-1.3875501155853271	-0.7593758702278137	0.36914685368537903	-1.0665018558502197	-1.2207921743392944	-0.9622293710708618	0.9867292046546936	0.7895524501800537	-0.7785823345184326	-0.9151650667190552	1.1083571910858154	0.717250645160675	1.5733118057250977	-0.32775312662124634	-1.1839137077331543	0.43332114815711975	-0.648990273475647	-0.3048574924468994	0.39235445857048035	-1.1484631299972534	0.11260709911584854	0.3210839033126831	0.5924422740936279	2.65085506439209	-1.1527756452560425	0.9528449177742004	0.5447980165481567	1.3091658353805542	-1.197302222251892	-1.1447468996047974	-1.2989952564239502	-0.2089589536190033	0.6366077661514282	1.676885724067688	-0.5173370838165283	0.21739763021469116	0.6635768413543701	-1.4066613912582397	0.4149712920188904	1.5288796424865723	0.4115837514400482	0.1423051655292511
-0.09339525550603867	-1.6479902267456055	-0.9573829174041748	1.8860256671905518	-0.46247637271881104	-0.9128027558326721	-0.018557267263531685	-1.1015506982803345	2.442838668823242	-0.16752050817012787	0.08165130019187927	-0.8139340877532959	-2.7380897998809814	0.6538079380989075	-0.6992235779762268	0.5862739682197571	-2.211681604385376	-1.218469500541687	-0.9334490895271301	0.24963605403900146	-1.2071876525878906	-0.6053508520126343	-0.10288906842470169	0.935259222984314	0.1499299556016922	0.1991700977087021	1.4443620443344116	-0.1667429655790329	1.3349956274032593	-2.2429146766662598	-1.3990120887756348	1.4164941310882568	-0.6520387530326843	0.5988355875015259	0.7289695143699646	0.3704409599304199	1.4617605209350586	-1.865790605545044	-1.144256830215454	0.5289873480796814	0.3153725564479828	-0.9197408556938171	-1.9415687322616577	-1.145705223083496	0.8063148856163025	-0.14226043224334717	-0.39165207743644714	1.233894944190979	-0.5000613331794739	-0.6761730313301086	0.6927964091300964	0.7755598425865173	0.657653272151947	1.9062854051589966	0.6340502500534058	-2.1374378204345703	1.5985143184661865	0.39055943489074707	-0.3820618689060211	-0.022255564108490944	-0.220000222325325	0.6335079073905945	0.30615100264549255	0.1379237174987793	0.8223738074302673	-0.3780878782272339	2.6319093704223633	2.1641721725463867	3.3973581790924072	0.5133130550384521	-0.6987290978431702	0.9508289694786072	-0.5233256816864014	-0.2819766700267792	-1.4845225811004639	-2.6173417568206787	0.08807927370071411	1.7507296800613403	1.157627820968628	0.5767776370048523	0.47719889879226685	-1.0584664344787598	1.2217992544174194	-0.6459783911705017	-1.0507826805114746	0.032285191118717194	-0.7479043006896973	1.3077510595321655	1.5500147342681885	-0.6709288358688354	-0.29582032561302185	1.163912296295166	0.9201964139938354	-0.5637592673301697	0.6531621813774109	-0.23841620981693268	0.26424288749694824	0.033546481281518936	0.5500250458717346	-0.13948389887809753	1.2420157194137573	-2.3225314617156982	-0.2854611873626709	1.1679432392120361	0.2553672194480896	-0.2288467139005661	-0.27574634552001953	-0.9543126225471497	0.7041162252426147	-2.2527623176574707	-0.4057926535606384	0.6526095867156982	0.4413725435733795	-0.5275036096572876	-0.43557021021842957	-0.017924286425113678	1.3118529319763184	-0.5181137919425964	0.6110416054725647	0.23102323710918427	-2.0151519775390625	-1.5231521129608154	1.240356683731079	1.0042381286621094	-1.0195448398590088	-0.598119854927063	-0.9317873120307922	1.0797321796417236
1.3106541633605957	-0.8847850561141968	0.8379161953926086	-0.6753501892089844	-0.5041245818138123	-1.967665672302246	-1.5707484483718872	0.6132614612579346	1.4435920715332031	-1.1237605810165405	-0.7464884519577026	-0.9968841075897217	0.5393446087837219	-1.3545193672180176	0.7814247608184814	-0.6924734115600586	0.23593799769878387	-0.512801468372345	0.21469126641750336	-0.11271754652261734	0.3059438467025757	0.030001472681760788	0.3789284825325012	-0.5910353660583496	-1.1322327852249146	-1.4370346069335938	0.355312705039978	2.620142698287964	-0.353563129901886	-1.2702878713607788	0.3711995780467987	-0.7035568952560425	-0.6463411450386047	0.4555818438529968	-0.24295574426651	-0.6907135844230652	1.4200003147125244	-0.630961537361145	1.1210139989852905	0.724556028842926	-0.9441804885864258	-1.7882897853851318	-0.04716256633400917	-0.6975653171539307	1.265373706817627	1.6783242225646973	-0.3658795654773712	0.1557767689228058	0.5134503245353699	-1.0704450607299805	-0.5789100527763367	-1.3338240385055542	-0.07031597942113876	-1.7340610027313232	-2.0497984886169434	0.6953250765800476	1.8234304189682007	1.3854663372039795	-0.53731369972229	1.0261262655258179	-0.10309918969869614	0.2721864879131317	-1.3799482583999634	-0.9186658263206482	-1.743308186531067	-1.8217931985855103	-0.5473813414573669	1.6095290184020996	-0.1374238133430481	-0.9672762751579285	1.1817941665649414	-1.8145406246185303	-0.6882088780403137	0.5993993282318115	0.007387946825474501	-1.3726012706756592	0.19454285502433777	-0.9850491881370544	-1.110672116279602	-0.3455372154712677	-0.9139662384986877	-0.6730916500091553	0.3894624412059784	1.1676958799362183	0.9519687294960022	-0.7205565571784973	0.9655635356903076	-0.9343300461769104	-2.4347591400146484	-0.4217783510684967	-0.00752435764297843	0.09427473694086075	0.572515606880188	0.9839313626289368	0.10868809372186661	0.21705742180347443	-0.11496633291244507	0.4730144739151001	0.6733859181404114	-0.5234225392341614	0.3356228172779083	1.2429059743881226	-1.3868688344955444	0.07135902345180511	0.5173720121383667	1.1016337871551514	0.8770503401756287	0.8975312113761902	0.33286017179489136	0.3152793049812317	-1.403139352798462	1.153760552406311	0.4180905520915985	-0.2071143239736557	-1.4107025861740112	-1.5565396547317505	0.5724465250968933	0.0844465121626854	0.6252608299255371	0.29330500960350037	-0.7782773375511169	0.468044638633728	1.3398149013519287	-1.1293854713439941	1.252044916152954	-1.6474612951278687	-0.3293789029121399	0.014680584892630577
1.2017384767532349	-0.04477484151721001	-1.4790105819702148	-0.5423052906990051	-1.203109860420227	0.6852807402610779	0.13303741812705994	-0.5482156276702881	0.9855373501777649	-0.19483432173728943	0.9601629376411438	-1.5932766199111938	2.180492401123047	0.06751318275928497	-1.268747329711914	2.6611640453338623	-0.6413568258285522	-0.5739095211029053	0.14266955852508545	1.0181779861450195	-0.6225751042366028	2.084406852722168	2.311353921890259	2.1073720455169678	-0.6716319918632507	1.4003322124481201	-1.0466243028640747	-1.204096794128418	1.6430211067199707	-0.012192224152386189	1.9051694869995117	1.641056776046753	-0.21371141076087952	0.11816683411598206	-1.0120508670806885	-0.1354210376739502	-0.7556858062744141	0.4254336357116699	0.47944340109825134	1.9470690488815308	1.207397222518921	-0.705374538898468	0.11103197932243347	-1.4761296510696411	-0.06901375949382782	0.8152618408203125	-0.33722397685050964	1.6637539863586426	-0.5625210404396057	1.6463916301727295	-0.7236565351486206	0.48368072509765625	-0.4998031258583069	0.5907284021377563	-1.643025517463684	-0.8398098349571228	-0.5811962485313416	-0.33504247665405273	-0.7865594625473022	-1.076907753944397	-0.40500926971435547	0.3354994058609009	-0.2472812682390213	-1.6143490076065063	0.7552887201309204	-0.6000661253929138	-1.7667770385742188	-1.8390687704086304	-0.7529088854789734	-1.011386513710022	0.02677401341497898	0.6860787868499756	-1.4372808933258057	-0.42345261573791504	1.1470991373062134	0.7332224249839783	0.6836725473403931	-0.07887692004442215	-1.4144165515899658	-1.4197800159454346	-0.48654404282569885	0.9908739328384399	0.8694384694099426	-0.13630560040473938	1.4408339262008667	-0.16822926700115204	1.4570707082748413	-1.1236803531646729	-0.05901071056723595	0.12843208014965057	1.109870433807373	0.7537690997123718	-1.033704161643982	0.8812528848648071	-0.3668636679649353	-0.5761758685112	-1.5785382986068726	1.8511418104171753	0.019214214757084846	0.9732473492622375	-1.5110857486724854	0.047723181545734406	-1.1006510257720947	0.19479705393314362	-0.9061115980148315	-0.11193064600229263	-0.6966210603713989	-1.158875584602356	1.0847036838531494	1.2378525733947754	-1.2490772008895874	-0.6210785508155823	0.5059041380882263	-1.2270021438598633	-0.01905181258916855	1.2783311605453491	-0.7139655947685242	-1.3330135345458984	-1.919288992881775	0.791283130645752	-0.26759013533592224	0.11258530616760254	-0.387050598859787	-1.730405330657959	0.21303966641426086	-0.4719001352787018	-1.2705696821212769	-0.9840314984321594
0.12061458826065063	-0.10631399601697922	1.0380165576934814	0.5208755135536194	0.2612939476966858	-0.7727981805801392	-1.1770588159561157	0.7069399952888489	-1.5666444301605225	0.19393976032733917	-0.04538530483841896	-1.653351902961731	-0.4178462624549866	-0.4299285411834717	-0.5201723575592041	0.2619534134864807	0.6767073273658752	-0.593856930732727	-0.2289716750383377	-0.8727259635925293	1.0272202491760254	1.62427818775177	0.34807607531547546	0.7729188799858093	-0.2639663517475128	-0.83204585313797	-0.06233618035912514	-0.933402419090271	0.2800166606903076	-0.8146414756774902	-0.5174537897109985	0.28094959259033203	0.06245808303356171	-0.23624514043331146	-0.31789836287498474	0.10089638829231262	-0.2617398798465729	-1.424544334411621	-0.0015928256325423717	-0.5938178300857544	-0.02157267928123474	0.7785649299621582	2.4706711769104004	1.4572031497955322	0.2309543490409851	-0.6389221549034119	-1.2303595542907715	0.2095734179019928	0.587840735912323	-0.8419161438941956	-1.0044341087341309	1.0899240970611572	-1.107638955116272	1.1048660278320312	-0.239007830619812	-0.44942793250083923	1.1858153343200684	0.43731194734573364	-1.4695680141448975	0.2848368287086487	0.8564997911453247	-0.9647241830825806	1.5860936641693115	-0.08128266036510468	0.3518082797527313	0.22713513672351837	3.1255910396575928	-0.823326587677002	0.7460863590240479	-1.3260952234268188	-0.7989271879196167	-1.2071268558502197	-0.34270206093788147	1.1055457592010498	1.5314418077468872	0.5574924945831299	-0.09356045722961426	-0.17427891492843628	-1.8013551235198975	-1.253017783164978	-0.7132396101951599	-0.8669151663780212	-0.22564436495304108	-0.9081316590309143	0.4445994794368744	0.9799809455871582	-0.23849926888942719	-0.9627814888954163	-1.053371787071228	0.2687804102897644	0.6065764427185059	-1.327151894569397	-0.27346915006637573	-0.8446211218833923	-0.10631077736616135	-0.08125299960374832	-0.08514036238193512	-0.6025879979133606	0.01799068972468376	-0.531467854976654	-1.1903247833251953	0.8013200759887695	0.25061270594596863	-0.2385631799697876	1.8672764301300049	0.7150598764419556	-0.4524540901184082	0.18950623273849487	-0.13122940063476562	0.6029093265533447	-0.44995376467704773	-0.21067817509174347	-0.23066526651382446	1.418849229812622	-0.21753866970539093	2.0688154697418213	1.5160404443740845	-0.9024081230163574	0.713306188583374	0.28417786955833435	1.9359946250915527	1.1408584117889404	0.19936056435108185	-0.31440848112106323	-0.6206483840942383	-0.7880398631095886	0.6370697617530823	0.265441358089447
-2.0582730770111084	1.7784380912780762	0.1995832622051239	0.097969189286232	-1.3706581592559814	-0.9434661269187927	1.0401127338409424	-2.0782864093780518	1.0755804777145386	0.4324505031108856	0.057344865053892136	-1.4033883810043335	-1.3797104358673096	0.6626996994018555	-0.4709843397140503	-0.3800067901611328	-1.3328111171722412	0.0016404037596657872	-1.1534943580627441	-1.6773171424865723	0.13472656905651093	0.6751402020454407	-0.33113420009613037	1.2939311265945435	-0.3419252038002014	-0.8784857392311096	0.8746903538703918	1.7874444723129272	0.43438056111335754	-0.737679660320282	-0.2864284813404083	0.1943887174129486	0.19410158693790436	-0.43123504519462585	-1.654776692390442	-1.1258372068405151	-0.09791170060634613	0.6637470722198486	0.7320238351821899	0.5714887976646423	0.8230060338973999	-0.3642435073852539	-0.4721110463142395	-1.7031680345535278	1.250576376914978	1.2891491651535034	-1.0888782739639282	-0.9786990880966187	-1.5336191654205322	0.012883879244327545	1.7999018430709839	-0.5527280569076538	-0.8278598189353943	-1.7903814315795898	0.4358633756637573	-1.3033539056777954	-0.3581694960594177	-0.026869207620620728	-0.31284189224243164	1.2810879945755005	-0.35136017203330994	0.0969618558883667	-1.0487148761749268	0.1619778871536255	0.4385325610637665	0.9403672814369202	-0.861757218837738	-0.33071407675743103	-3.395467519760132	1.5325853824615479	0.7900140881538391	-0.8957889080047607	0.7615923285484314	0.9284502267837524	-1.97500479221344	0.4986596703529358	0.9916728138923645	-0.24213674664497375	0.7238174080848694	-0.2301792949438095	1.7418771982192993	0.798999547958374	-1.165045142173767	0.4255872666835785	-0.008803579024970531	-0.6317830681800842	0.9043259024620056	-1.5839743614196777	-1.7529045343399048	-0.27952083945274353	-0.5628431439399719	-0.73004549741745	1.2362819910049438	0.28049755096435547	-0.22158664464950562	0.5720655918121338	-0.1175827607512474	-1.4133185148239136	0.21408748626708984	-1.7642951011657715	0.5501403212547302	0.7562296390533447	-1.4257235527038574	0.0882120206952095	-0.7768608927726746	-0.4528195559978485	-1.1338574886322021	3.1096503734588623	0.03824710473418236	-1.1352049112319946	1.4085185527801514	2.1549441814422607	1.4370869398117065	0.7011486887931824	-0.8215697407722473	-0.42611828446388245	-0.162003755569458	0.060769323259592056	0.14740444719791412	0.3365350067615509	-0.7430453300476074	-0.560687780380249	0.9868773221969604	-0.9478593468666077	-0.5158789753913879	-0.07396085560321808	0.7509393095970154	-0.7783326506614685
0.2778262495994568	-0.03779391571879387	-2.7472925186157227	-0.11788174510002136	0.10579493641853333	0.9596999287605286	-0.3308948874473572	0.11239191144704819	-0.41090211272239685	-0.6968039870262146	-0.4049990475177765	1.8900219202041626	1.9524810314178467	-0.9248247742652893	0.10867027193307877	1.9397403001785278	0.6343390941619873	-0.9289070963859558	-0.2770594358444214	-0.31070229411125183	-0.8739683032035828	-0.040623508393764496	0.9340850114822388	-0.2024591863155365	-1.0708069801330566	1.4082229137420654	-0.6796831488609314	-1.643742322921753	0.29454007744789124	-0.39883917570114136	0.04062551259994507	1.2528859376907349	0.8083361387252808	-0.160737544298172	0.47168901562690735	1.2102549076080322	-0.12537741661071777	-0.3190723657608032	-0.6273736357688904	0.7911916971206665	-1.9864157438278198	0.39312973618507385	-0.9352490901947021	-0.7016597986221313	0.48014143109321594	0.014797823503613472	0.294760525226593	0.10390423238277435	-1.2727479934692383	1.1136544942855835	-1.271579623222351	0.7792761921882629	1.040234088897705	-0.7295045852661133	-1.2209265232086182	-0.9534002542495728	-0.14329472184181213	0.5131137371063232	-0.3421144187450409	-0.1299445778131485	-0.29177212715148926	-1.7158467769622803	0.2558121383190155	1.2164995670318604	-1.5937819480895996	-0.24073606729507446	0.20291465520858765	-1.1342562437057495	-0.8853276968002319	0.3059195876121521	0.20690679550170898	0.5496463775634766	-1.6285569667816162	-0.8184930086135864	0.9794489145278931	0.011647904291749	-0.29395830631256104	0.09484684467315674	-0.3239557147026062	-0.023150520399212837	1.3437527418136597	-0.3743444085121155	-0.43747201561927795	-0.6443852782249451	0.4645657539367676	0.4323439300060272	-0.19836018979549408	-0.2454329878091812	1.7848454713821411	-0.3159421682357788	0.6846495866775513	-0.6082507967948914	1.3048458099365234	0.9609189033508301	2.1389076709747314	-0.3978102207183838	-0.82630455493927	-1.763635277748108	0.09368250519037247	-0.059615202248096466	-0.3951686918735504	0.1336573362350464	0.4578879475593567	0.8090479373931885	1.6534826755523682	-0.6504530906677246	1.9493155479431152	-0.05293715372681618	-0.11389041692018509	-0.7008084058761597	0.7282477617263794	-0.17332778871059418	-0.09570932388305664	0.8122526407241821	1.311335802078247	0.5708271265029907	0.028209729120135307	0.3243734836578369	1.1145099401474	1.0788778066635132	-0.5335788726806641	1.182235836982727	1.521496295928955	-0.18899811804294586	-0.2221255749464035	-0.7087050080299377	-0.9147593975067139	-0.5128586292266846
-1.6750919818878174	-0.7175204753875732	-0.6547176241874695	0.9383970499038696	0.15787631273269653	0.4695378839969635	0.7216780185699463	0.07513368874788284	-0.9156941771507263	-1.144350290298462	-1.0534050464630127	-1.012716293334961	-1.6424739360809326	-0.7126569747924805	-0.7396261096000671	1.4031716585159302	0.7489742636680603	-1.6149265766143799	1.2161647081375122	0.21319988369941711	0.824482262134552	0.6669845581054688	-1.3553428649902344	-0.6441069841384888	-0.7308604717254639	0.4425886273384094	0.23100067675113678	1.1604381799697876	-0.11559519171714783	-0.4580441117286682	1.4811177253723145	-0.2716534435749054	-0.007280276622623205	-0.4625067114830017	2.017366886138916	-0.015952154994010925	-0.8068159222602844	1.0307503938674927	3.479774236679077	0.2851121723651886	-0.5638577938079834	0.5909339785575867	-0.7461502552032471	-1.4629933834075928	0.019425299018621445	0.18617774546146393	0.29627200961112976	-1.6664646863937378	-0.14950168132781982	0.537617027759552	-0.6390075087547302	1.2707979679107666	0.6656361818313599	-0.6948244571685791	0.5675749182701111	0.44397032260894775	-0.09382253140211105	-1.2032064199447632	0.3406282365322113	0.44048798084259033	-0.10256568342447281	1.5134544372558594	0.8341612815856934	1.6718952655792236	0.7285879254341125	-0.7615708708763123	-0.26981380581855774	0.884968638420105	-0.41743072867393494	2.9375381469726562	1.3087127208709717	1.311737298965454	0.46508070826530457	-0.2601114511489868	0.15598121285438538	-1.1536298990249634	-0.07975384593009949	0.17540793120861053	-0.32705560326576233	-0.28480973839759827	2.1377577781677246	1.2943978309631348	1.4249078035354614	-0.46967366337776184	-0.7195451259613037	-1.6294910907745361	-1.016249656677246	-0.40727195143699646	0.22318173944950104	-1.488120436668396	0.16936498880386353	-0.2382865995168686	0.9222468137741089	0.08014259487390518	-0.10731358826160431	-0.054175637662410736	0.45441797375679016	0.0972689539194107	1.7927157878875732	-0.6836246848106384	0.9456870555877686	0.27628618478775024	1.233264446258545	-0.43882375955581665	0.3821791708469391	-1.0077846050262451	-1.4900143146514893	-0.9080305695533752	-0.09546069800853729	-2.1662333011627197	-0.29342663288116455	0.5409908294677734	-0.246172234416008	1.5768463611602783	0.2612954080104828	-0.37950757145881653	0.6629690527915955	1.0336605310440063	-1.6882816553115845	0.10952813923358917	0.7790083885192871	0.6639628410339355	-0.4307941198348999	-1.5731528997421265	-0.44390520453453064	-1.3714439868927002	-0.08067489415407181	-0.7086338400840759
0.10915302485227585	-0.12965834140777588	-1.4415419101715088	1.8622630834579468	0.648232102394104	0.8193917274475098	-0.09794187545776367	-0.6567227244377136	-0.16402386128902435	1.4867327213287354	0.7467333078384399	0.7731817960739136	-0.3146967589855194	0.2915823757648468	-1.4166393280029297	-0.2658974826335907	-1.54379141330719	1.5595983266830444	0.30471372604370117	0.6545475721359253	-1.2670204639434814	0.6908454298973083	-1.022402286529541	0.6745610237121582	-1.1499991416931152	0.9123178720474243	0.7011126279830933	1.2390843629837036	1.2240650653839111	-0.34591373801231384	0.9833417534828186	0.7641602158546448	-0.681342601776123	0.4480055868625641	-0.47974714636802673	-0.4676298499107361	-0.775158166885376	0.8256590366363525	0.6772781610488892	0.24648292362689972	-0.29627251625061035	-0.2776387631893158	0.7482450604438782	-0.009389679878950119	0.1760636270046234	-0.43122196197509766	-2.279690742492676	0.38088458776474	-0.9778613448143005	-0.737506628036499	0.49358806014060974	-2.1438181400299072	1.1882398128509521	0.4177511930465698	0.9684479832649231	2.0987868309020996	0.3981553316116333	-0.2182447463274002	0.015797683969140053	0.4496150612831116	0.4349122941493988	-1.7848275899887085	-1.8210543394088745	0.21657241880893707	-0.2533738315105438	0.17534537613391876	1.5295748710632324	1.3461945056915283	-0.1076902374625206	-0.2659119665622711	-1.0785644054412842	-1.4354153871536255	-0.9518395066261292	-0.8298341035842896	0.06520246714353561	0.6211466789245605	0.6416374444961548	-0.8757301568984985	-1.3001290559768677	0.5083120465278625	-0.09173993021249771	-0.36635440587997437	-1.176030158996582	0.4693361520767212	-0.9995060563087463	0.7872985005378723	0.7462596297264099	0.33890265226364136	-0.1034928485751152	-0.061117205768823624	-1.1655832529067993	-2.569270372390747	-0.2637798488140106	-0.6051788330078125	-0.8672102689743042	-1.0138095617294312	-0.7961466312408447	-0.24815154075622559	0.2363508641719818	0.0197624322026968	0.9089758396148682	-0.987973690032959	-0.5013242959976196	1.133432149887085	0.8040758371353149	-0.07109066843986511	-0.5880849361419678	-0.5685054659843445	0.7920047640800476	-0.14644448459148407	-0.5696449875831604	0.440718412399292	-0.21215124428272247	-0.16043628752231598	-0.5123286247253418	0.736279308795929	-1.301339864730835	0.7646760940551758	0.5777603387832642	0.8891157507896423	-1.5495455265045166	-0.2334877848625183	0.5169127583503723	-0.2281334102153778	-0.9588944315910339	0.7506105303764343	0.05180905759334564	1.4842520952224731
-0.8137303590774536	0.22761814296245575	-0.29114964604377747	0.281705766916275	-1.0952558517456055	-1.1899173259735107	1.4175643920898438	-0.4412628412246704	-0.07580703496932983	0.03255356848239899	1.0176576375961304	0.6540257334709167	-1.3370192050933838	-0.5393974781036377	1.1283620595932007	0.2337905615568161	-0.6573213338851929	0.3724198341369629	-0.1410185545682907	0.5702245235443115	2.1961302757263184	-0.539364218711853	-0.18802902102470398	0.7077879905700684	-0.28879716992378235	0.1910886913537979	-1.5807654857635498	-1.5468573570251465	1.867345929145813	-0.54236900806427	0.44427838921546936	-0.653235673904419	-0.06186554208397865	-1.2302223443984985	-0.2302653044462204	-2.1817691326141357	-1.180039405822754	-1.4593125581741333	0.14203181862831116	0.8755289316177368	-0.7372540831565857	1.308286190032959	0.5596792697906494	-0.8302031755447388	-0.21628737449645996	-0.2755328416824341	-0.46954596042633057	-0.8171972632408142	0.24562594294548035	1.4840656518936157	-0.6119648218154907	0.0992150604724884	-0.9272342324256897	0.10579586774110794	1.5794062614440918	-0.5998780131340027	-0.25234436988830566	0.44419530034065247	0.4101707637310028	-0.20024473965168	1.2554876804351807	0.3304043114185333	1.2623811960220337	1.4517662525177002	0.11196215450763702	0.7376790046691895	0.40899962186813354	1.0850269794464111	0.624940037727356	-0.5891780853271484	0.36631399393081665	-0.396812379360199	0.15558727085590363	1.6416183710098267	-1.9114798307418823	0.18438036739826202	-1.3692325353622437	-0.026509340852499008	0.283673495054245	1.164119839668274	0.5879916548728943	1.4645777940750122	-0.31831085681915283	0.9923164248466492	-0.8664945363998413	-0.29659950733184814	-0.3621986508369446	1.7392903566360474	-0.37141916155815125	1.411387324333191	1.0945535898208618	-0.041263479739427567	-0.37329068779945374	0.611629843711853	0.46791529655456543	0.225261852145195	0.2726760506629944	0.4699528217315674	0.09407304972410202	0.15037551522254944	3.2075212001800537	-0.9674360156059265	-2.0721242427825928	0.7196866273880005	0.22347186505794525	-0.5134623050689697	1.2050820589065552	1.1296864748001099	2.039824962615967	-2.403585910797119	0.7280967831611633	0.8171733617782593	-1.4792931079864502	-1.6142977476119995	-0.20564082264900208	-0.0793585255742073	-1.2940011024475098	-2.119828224182129	-2.1187186241149902	-2.1368536949157715	0.7906779646873474	-0.12903620302677155	-0.31528377532958984	0.15878672897815704	-1.8361040353775024	-0.6385859251022339	0.6626914143562317	1.168454647064209
-0.03016160987317562	-1.4881802797317505	0.07743168622255325	-0.3155652582645416	-0.6377348899841309	-0.6756185293197632	0.15893922746181488	-1.9957152605056763	0.5227025151252747	0.2243768274784088	-1.7845585346221924	-0.3777143955230713	0.6594453454017639	1.5668811798095703	-0.6796611547470093	0.7371488213539124	-1.45217764377594	-0.44619515538215637	1.2104060649871826	-0.6631993055343628	-0.20785000920295715	0.8464853167533875	0.9350935816764832	-2.3065388202667236	-2.5017755031585693	-1.358005404472351	-0.4907049834728241	-2.0043816566467285	-0.055844176560640335	0.4535887539386749	-1.2328790426254272	0.9550564885139465	-1.0840702056884766	0.12647943198680878	-0.6823596954345703	1.0720793008804321	1.6913193464279175	-1.6178779602050781	1.3293602466583252	0.9437820911407471	-0.5181863903999329	-0.08039011806249619	-0.12073837220668793	-0.5884243845939636	0.3026469349861145	0.3937714099884033	-1.9702861309051514	2.3459954261779785	-0.026412032544612885	-2.3671302795410156	-0.226835235953331	0.836432158946991	-0.918494462966919	-0.8087430596351624	0.04333988204598427	-1.3937487602233887	-0.07443500310182571	-0.1743854582309723	-0.20042334496974945	1.3007313013076782	0.008316583931446075	1.3748524188995361	1.2192386388778687	-0.7866674065589905	1.3580571413040161	-0.8530355095863342	-0.3915444612503052	-0.7721255421638489	0.8323771357536316	0.20136025547981262	0.4349147379398346	0.772419810295105	-0.10742466151714325	0.06057572737336159	1.4240176677703857	-0.8033424615859985	-0.3639211356639862	1.8829989433288574	-0.8497717976570129	0.12826420366764069	0.7560281157493591	0.8281778693199158	0.7534042596817017	0.3403802514076233	-0.3936121463775635	-1.258549690246582	-0.9563530087471008	-0.4512270987033844	-0.25765666365623474	0.6898213624954224	1.176738977432251	-1.5783538818359375	0.4005918800830841	0.2512008845806122	0.311909556388855	1.3338909149169922	-0.5538947582244873	-2.0657875537872314	-0.5975052714347839	0.10699453949928284	0.2827838063240051	-1.4087234735488892	-0.7545566558837891	0.38844558596611023	-0.210191011428833	0.30036991834640503	-0.3978141248226166	-0.15527403354644775	-1.9045783281326294	0.5064517259597778	-2.349750280380249	-0.4946647882461548	1.4700173139572144	0.8124574422836304	0.6676921248435974	-0.607474684715271	1.231787919998169	-0.7057809829711914	-0.7408860325813293	1.6976279020309448	0.11127389222383499	-1.0237295627593994	-1.6721934080123901	-1.2088409662246704	-1.596332311630249	0.7767209410667419	0.10078345984220505	0.12475665658712387
-0.24325311183929443	0.1416180580854416	-0.7375217080116272	-0.2555016279220581	0.7272098660469055	2.0093839168548584	-0.05911112576723099	-1.2610844373703003	1.327069878578186	0.05336777865886688	-0.42225348949432373	-1.9371055364608765	-0.06099604442715645	3.1872358322143555	0.604019284248352	0.16915826499462128	0.22217826545238495	-0.03945149481296539	-0.8458929061889648	1.273491382598877	-0.43075400590896606	-1.736989140510559	1.218824028968811	0.4082387685775757	0.9088102579116821	-0.44647467136383057	-1.7881203889846802	-0.7249612808227539	0.07439423352479935	1.6615055799484253	-0.02494346909224987	1.9621450901031494	-0.1119786724448204	0.538873016834259	0.4012754559516907	0.5749128460884094	-1.0904768705368042	1.8861364126205444	1.3809278011322021	1.1728922128677368	-0.9377123713493347	1.6585627794265747	-0.7805531620979309	-0.1854817420244217	1.4073072671890259	2.0432653427124023	0.03837074711918831	-0.4032910168170929	0.22835920751094818	-0.1338677853345871	-0.5204912424087524	-0.933523416519165	-0.9874724745750427	-0.037689145654439926	-2.207289934158325	-1.7585785388946533	1.8172564506530762	0.24615731835365295	-0.13949714601039886	0.30297645926475525	0.40480172634124756	-1.4335262775421143	1.4686686992645264	1.688939094543457	-0.30362117290496826	0.6151866912841797	-0.7282611727714539	-0.6118300557136536	0.9704139828681946	0.08462264388799667	-0.773798942565918	-0.7513050436973572	0.458442747592926	1.0425835847854614	-0.43477100133895874	1.966036081314087	-0.41733628511428833	-0.9906201958656311	0.9023088216781616	0.5043021440505981	0.2989780902862549	1.5429011583328247	-1.3589951992034912	0.029484903439879417	-0.18589656054973602	0.4621392786502838	-1.7416030168533325	0.9725690484046936	0.6199970841407776	0.6841989755630493	0.6556728482246399	0.053687386214733124	-0.41911184787750244	0.844146192073822	-1.3826266527175903	0.5479913353919983	0.01990482024848461	-0.6802924275398254	-0.384456068277359	-0.5224694609642029	-0.09224905073642731	0.2836785614490509	0.011012549512088299	-0.9365449547767639	0.8984084725379944	0.640364944934845	1.3478707075119019	-0.03617159649729729	-0.5585913062095642	-0.7820531725883484	-0.7559688687324524	-0.11773507297039032	0.12546353042125702	0.39571863412857056	1.4454823732376099	1.6641836166381836	2.1289665699005127	0.9471811056137085	0.9477361440658569	0.20885294675827026	0.727867841720581	-0.022796612232923508	-1.0931488275527954	1.7420674562454224	1.1441174745559692	1.5453649759292603	-0.2621212899684906	0.7508118748664856
-0.6449094414710999	-2.141188859939575	-1.0120710134506226	-0.6603453159332275	-0.48792433738708496	0.3345508575439453	-0.970371425151825	-0.8544405102729797	2.577263116836548	0.47399845719337463	-0.1416163146495819	-0.10186312347650528	0.6622893214225769	-0.41687247157096863	0.590648889541626	0.18555253744125366	-0.019750380888581276	0.3563791811466217	0.8959411978721619	1.1524279117584229	-0.7246585488319397	0.8485949039459229	1.861212968826294	1.6363407373428345	-0.19063334167003632	0.022069206461310387	-1.5395714044570923	-0.9657152891159058	-1.406240701675415	-3.062844753265381	1.5852398872375488	-0.5487726926803589	1.324626088142395	-1.3975342512130737	0.4625590443611145	0.0028599491342902184	-0.3692382276058197	-1.5033079385757446	-1.5767505168914795	0.47051987051963806	0.2350398451089859	1.0576180219650269	0.4109678268432617	-0.7829897999763489	0.10887479782104492	1.1379082202911377	-1.2732982635498047	1.5258630514144897	-0.014078550972044468	1.8975456953048706	-1.077359676361084	1.5807273387908936	1.3009570837020874	0.8795958757400513	0.3765019178390503	-0.00856722891330719	0.17019081115722656	0.22871236503124237	-0.07974309474229813	-0.9576560258865356	-0.19074542820453644	1.1319648027420044	0.48308542370796204	0.23514613509178162	1.127334713935852	-0.563610315322876	0.32059159874916077	0.1956421434879303	-0.24601413309574127	0.24990130960941315	1.8544642925262451	2.9863204956054688	-0.7385914325714111	0.10597851872444153	-0.745441734790802	0.2349473088979721	0.182187020778656	2.4019412994384766	0.03808741271495819	0.8102409243583679	-0.819852888584137	0.47267279028892517	1.1431124210357666	0.5125582814216614	-0.23554575443267822	0.09258406609296799	0.3058921694755554	-0.36086365580558777	0.3334185779094696	0.16395770013332367	0.659376323223114	0.7981848120689392	1.6803176403045654	0.3971140384674072	0.012555583380162716	-0.12380265444517136	1.1180611848831177	0.504257321357727	-0.36058521270751953	-0.5756151080131531	-0.377538800239563	-1.4697381258010864	-0.1763770580291748	1.0293323993682861	-1.1193664073944092	0.8995245099067688	-0.8591768741607666	0.39255473017692566	-0.32347044348716736	-0.07512880116701126	0.9583809971809387	0.6618525385856628	2.405890703201294	0.4813627302646637	0.8535046577453613	0.4557550847530365	1.5479049682617188	0.18375961482524872	0.7181336283683777	0.015104549936950207	0.3964851200580597	-0.02108783833682537	0.14426764845848083	-1.1354882717132568	-1.2569282054901123	-0.47735875844955444	1.9896248579025269	0.020464280620217323
-0.14734168350696564	-0.07527054101228714	-0.6271880865097046	0.955416202545166	-2.1862282752990723	-1.041145920753479	0.9583610892295837	-1.0274401903152466	-0.24333032965660095	0.26205018162727356	-0.1678425520658493	-0.3331746459007263	-0.1598542183637619	0.8227126002311707	-0.618744432926178	-0.5660468339920044	-0.780825674533844	-0.24621424078941345	-0.24710789322853088	-0.3376767337322235	-0.0784425213932991	-1.014840841293335	-0.6338081955909729	0.156670480966568	-1.2422146797180176	1.0857374668121338	-1.4163862466812134	1.8617160320281982	-0.9012151956558228	-0.7158113121986389	-0.7048327922821045	-1.177354097366333	0.7297757267951965	1.9123228788375854	-0.436766117811203	-0.2760436534881592	2.5490002632141113	-0.03735121712088585	-0.6414456367492676	0.39659836888313293	-0.6540815830230713	0.03956519067287445	-1.332815170288086	0.8705314993858337	2.4512646198272705	0.4726438522338867	-1.3713316917419434	0.3991233706474304	0.5495299696922302	-0.6588797569274902	-0.20812872052192688	0.3791399896144867	-0.7205022573471069	0.14753872156143188	0.24060985445976257	-0.8693735003471375	0.5207770466804504	-0.9136319756507874	0.3777984082698822	-0.05698094889521599	0.5604807734489441	-0.9169458746910095	-2.3711864948272705	-0.6166836023330688	0.2550114393234253	-0.16834580898284912	0.15806199610233307	-1.1769075393676758	-1.412793755531311	-0.03236328065395355	-0.7465258240699768	-0.1639072448015213	0.36425432562828064	0.5322859287261963	0.7957168221473694	0.43207472562789917	-0.750634491443634	0.34631431102752686	-1.4788460731506348	-4.18040657043457	1.9252405166625977	0.47620534896850586	0.011416289955377579	-1.0008900165557861	0.5662841200828552	0.6285662651062012	-0.7614229917526245	-0.05956486240029335	-1.399016261100769	-0.732076108455658	-0.37634986639022827	0.46236148476600647	-0.7328010201454163	1.7246975898742676	0.2364138960838318	-0.07841385900974274	1.222570776939392	-0.16379006206989288	-2.3833324909210205	-1.9902937412261963	1.7869553565979004	1.4906771183013916	-1.3134069442749023	-1.0397273302078247	1.0209707021713257	0.012752089649438858	-0.618015706539154	-0.30497345328330994	-0.037188414484262466	-0.3758399486541748	1.731831431388855	-0.7026893496513367	-0.20237301290035248	0.9378811120986938	0.21593675017356873	0.7210557460784912	0.4934816360473633	-0.4041089713573456	-0.2337072640657425	0.6226404905319214	1.1447575092315674	0.42683061957359314	-0.0017377681797370315	-0.5721362829208374	-1.2067503929138184	2.75001859664917	0.733069121837616	-0.5426135063171387
0.1666533350944519	-1.1542216539382935	-0.6029087901115417	-0.07844870537519455	-0.1687380075454712	-1.1586132049560547	-0.3229045867919922	-0.20611071586608887	0.6691715121269226	0.35099953413009644	0.0863962396979332	0.33924317359924316	-0.6833990216255188	-1.1671196222305298	-0.16107402741909027	-0.5401146411895752	-0.20910410583019257	-0.5423579812049866	1.427847981452942	0.11397241801023483	0.42128482460975647	-0.38871243596076965	0.5912104845046997	2.053828716278076	1.07480788230896	-0.0026949821040034294	2.0141890048980713	-1.0718863010406494	1.1102917194366455	0.6098269820213318	-0.37907859683036804	-1.5433269739151	1.8023723363876343	0.18311868607997894	0.7879511117935181	0.07840066403150558	-0.0128343990072608	0.07352739572525024	1.2795342206954956	0.1613156795501709	-0.5006394386291504	-0.0568118616938591	0.4486011564731598	-0.5717369914054871	-0.268812894821167	-0.35514312982559204	2.0289106369018555	-0.5515218377113342	-0.9101513624191284	0.783976674079895	-1.1156636476516724	-0.45433807373046875	-0.29239344596862793	1.4752553701400757	0.5186833739280701	-0.43490615487098694	0.13080230355262756	-0.08217038959264755	0.9113657474517822	-0.4812421500682831	1.1269081830978394	-0.8453060388565063	0.16883118450641632	0.6178067326545715	0.9071539044380188	-3.173609495162964	0.22289013862609863	-0.6030614972114563	0.435673326253891	0.3572981357574463	-1.0893629789352417	-0.1556301862001419	-0.01565677672624588	-1.4313286542892456	-0.4644273519515991	-1.3764407634735107	-0.7644954919815063	-0.8884340524673462	-0.11468465626239777	-0.1201334223151207	0.45026952028274536	0.11438855528831482	-1.8904274702072144	-0.5738012194633484	1.5228631496429443	-1.2412317991256714	-0.26054590940475464	-0.9305002093315125	-1.9639203548431396	-1.0488078594207764	-0.7886274456977844	0.4707929491996765	-0.5421611666679382	-2.0050413608551025	0.023016948252916336	-0.3259845972061157	1.6262036561965942	-1.5060436725616455	-0.6547904014587402	-1.373781442642212	0.26051655411720276	0.6547646522521973	-1.1867341995239258	1.2472432851791382	0.46981221437454224	-0.10901615023612976	0.6864781975746155	0.8489665389060974	-0.367310494184494	0.3713637888431549	0.2250605821609497	0.5971605777740479	-1.2046689987182617	0.012071618810296059	-0.5309839248657227	-2.3934576511383057	0.9060108661651611	-0.6141617298126221	0.8495127558708191	0.6037147045135498	0.6167981028556824	1.1696187257766724	-2.7908012866973877	-1.802070140838623	1.5505858659744263	-0.6699129343032837	-0.6603913307189941	1.2239125967025757
1.8644789457321167	0.21941125392913818	-1.7104911804199219	-1.7266043424606323	0.015609861351549625	0.09202534705400467	-0.5475104451179504	-1.551967978477478	-1.7625420093536377	-1.4218367338180542	1.1239286661148071	-0.565701425075531	-2.306955337524414	-0.7355225682258606	-0.5467913150787354	3.1716647148132324	1.2445073127746582	-1.0854859352111816	-0.19046588242053986	-0.04777216911315918	0.9456533193588257	0.13340404629707336	1.24527108669281	1.3651111125946045	0.8400243520736694	0.7580277323722839	1.2624540328979492	-0.36873990297317505	-0.37217575311660767	-2.2877402305603027	1.5244871377944946	-1.9142309427261353	-1.713419795036316	-1.1777039766311646	-0.5365198254585266	1.2319852113723755	-1.0222728252410889	-0.2020585685968399	0.10521548241376877	-0.33649399876594543	0.9724217653274536	0.08424092829227448	-0.2752706706523895	2.2217066287994385	-0.08344464004039764	0.9079079031944275	0.5890945792198181	-0.10290805995464325	-1.169729471206665	-0.9040200114250183	0.7239167094230652	-1.8481076955795288	0.3986397385597229	-2.363265037536621	-1.105294942855835	-0.33370012044906616	0.7685921788215637	-0.07379750162363052	-0.303864449262619	-0.9093925356864929	-1.0599308013916016	-1.604625940322876	-1.5693161487579346	0.30887889862060547	-1.1333250999450684	0.1714407354593277	0.18573269248008728	0.11646762490272522	1.4223240613937378	-0.6537753939628601	-1.1509474515914917	-1.89315927028656	0.5763837099075317	0.43797412514686584	-1.0140771865844727	0.7620137333869934	-1.110702633857727	-1.5645830631256104	-0.4160074293613434	-0.557091474533081	-0.0021511821541935205	1.1600524187088013	0.3930893838405609	-0.07793565839529037	-0.5932691097259521	-0.15089371800422668	0.7198859453201294	-0.000208636571187526	-0.7318885326385498	1.3902329556003679e-05	-0.36792686581611633	-0.33306261897087097	-0.8194721937179565	-0.11963711678981781	1.4882925748825073	0.44169822335243225	2.2580530643463135	0.9193498492240906	2.128211498260498	1.1154526472091675	-1.378624439239502	-0.15238739550113678	0.1563592404127121	-1.1401646137237549	-0.14531947672367096	-0.9402000308036804	-0.33257660269737244	0.78275465965271	-0.548327624797821	-0.9106738567352295	-0.5392521619796753	0.376697301864624	0.2518620789051056	1.173822045326233	0.866495668888092	-1.7311843633651733	2.175990581512451	0.1999543458223343	-0.8293372988700867	0.897559404373169	-1.9438989162445068	-0.4011043906211853	-0.45295971632003784	1.758034110069275	1.3078809976577759	-0.07702421396970749	0.9240736365318298	-1.2162482738494873
-1.5563894510269165	-0.22996000945568085	-0.03687967360019684	-0.9682400822639465	0.3965938985347748	-1.5973440408706665	-0.26832816004753113	-1.8972604274749756	-0.9112492799758911	-0.09956791996955872	1.796510934829712	1.5692673921585083	-0.6738986968994141	-1.307621955871582	0.2774350941181183	-0.1243433952331543	0.8033575415611267	0.5501659512519836	-0.11027025431394577	-0.042854271829128265	0.5507165193557739	1.0193275213241577	-0.1675965040922165	1.3823806047439575	0.508921205997467	-1.185202956199646	-0.2551274299621582	-0.1910499781370163	0.20136530697345734	0.2542838454246521	0.5354105830192566	-0.36366644501686096	-1.7380554676055908	-0.5074912905693054	1.268288016319275	-0.17527008056640625	-0.0498725064098835	2.3660430908203125	0.45838838815689087	-1.3354767560958862	-1.9192878007888794	-2.090876340866089	1.0794275999069214	0.044089727103710175	0.25890111923217773	0.3993337154388428	-0.13279779255390167	-1.0536723136901855	-0.1868116855621338	-1.9328417778015137	-1.375823736190796	0.5589458346366882	-0.29974591732025146	1.2406740188598633	-0.7161921858787537	-1.437457799911499	1.0678212642669678	-1.3269680738449097	-0.4486367404460907	0.5473524332046509	-1.4184614419937134	-0.7080914378166199	-0.5137113928794861	-0.33434417843818665	-0.3509725332260132	-1.2706423997879028	-0.7406577467918396	-0.36914631724357605	1.7531147003173828	-0.1639459878206253	0.47895461320877075	-0.18395139276981354	0.045492157340049744	-1.3828709125518799	0.2667976915836334	-0.07166068255901337	-1.7166237831115723	-0.4167426824569702	0.09408499300479889	0.4009663164615631	0.3293130397796631	0.04160595312714577	1.9292799234390259	-0.3335297107696533	-0.020551003515720367	0.20838722586631775	1.339242935180664	0.9404052495956421	1.5367088317871094	-1.1025334596633911	0.34552842378616333	0.4243779480457306	0.26358747482299805	1.1736630201339722	0.09743458777666092	0.318183571100235	0.2755487263202667	-4.195777893066406	-0.41723400354385376	-0.622401237487793	-0.3725050985813141	1.077268123626709	-1.4198453426361084	-1.148030400276184	0.5432263612747192	0.04113740101456642	-0.9127612113952637	-1.9665197134017944	0.563774585723877	-1.2503916025161743	-0.29561981558799744	0.688971996307373	1.4043434858322144	-0.46134695410728455	-0.1819305419921875	-1.2141382694244385	0.34381306171417236	0.5946022868156433	-0.7395355701446533	0.5241302847862244	-0.7299326658248901	-1.0334887504577637	-1.1104774475097656	2.7437856197357178	-0.032436173409223557	0.0969420000910759	0.603421151638031	0.7018705010414124
-1.5740004777908325	-0.4108358919620514	0.503560483455658	-1.6791794300079346	-1.1127221584320068	-0.5856949090957642	-2.29122257232666	-0.3831343352794647	-1.4018220901489258	-1.54568350315094	0.04629681631922722	-1.526490569114685	-1.4000616073608398	-0.6493329405784607	-0.07274682819843292	-1.3227744102478027	-3.2396602630615234	0.186889186501503	0.9957447648048401	2.533869504928589	-0.033411551266908646	-0.9563510417938232	0.012666219845414162	-1.5462380647659302	-0.4571312963962555	0.5741983652114868	-1.2640200853347778	-2.3657097816467285	-0.14074216783046722	-0.15382350981235504	-0.033659011125564575	-1.6650354862213135	-0.8641852736473083	-0.8846923112869263	2.808509588241577	0.2645723819732666	0.0091671422123909	-0.640545129776001	0.30537885427474976	-1.644722580909729	0.16756369173526764	-0.6007178425788879	0.5804796814918518	0.06710601598024368	0.8374550938606262	0.6658685803413391	1.287822961807251	1.3414504528045654	1.2531996965408325	-1.1813417673110962	-0.24914240837097168	1.1075059175491333	-0.19157326221466064	0.6313528418540955	-1.8603003025054932	0.05056966841220856	-1.081213355064392	0.834253191947937	0.7220799326896667	1.2759124040603638	-0.44640251994132996	-0.03949427977204323	-0.8592478632926941	1.7684812545776367	0.676630973815918	-0.8484489917755127	-1.2614935636520386	-0.23030929267406464	-1.2006102800369263	-0.4895293712615967	-1.0966747999191284	-0.8388701677322388	1.5987927913665771	0.8257631659507751	-0.06682569533586502	0.7339927554130554	-0.4279351234436035	-0.8730436563491821	-0.017683900892734528	1.2053041458129883	-0.5580055713653564	0.5592270493507385	0.12687653303146362	-0.6680031418800354	1.9027342796325684	1.5894255638122559	1.7932969331741333	0.03698187321424484	-0.36680731177330017	0.9916313886642456	-0.22385238111019135	-1.2552160024642944	1.1839536428451538	-0.986846387386322	1.260096788406372	-0.6947070360183716	-1.1691534519195557	-0.7759355902671814	-0.21818479895591736	-0.7389114499092102	-0.6200728416442871	1.35545015335083	1.0319066047668457	0.6138485670089722	0.4079603850841522	-0.12928886711597443	-0.5412405133247375	0.6294367909431458	0.43593868613243103	1.006731629371643	0.8289262056350708	-0.11324987560510635	-0.027139633893966675	-0.7488084435462952	-0.04342437908053398	2.346433639526367	0.8746251463890076	-0.5145214796066284	-0.1671643704175949	0.845757246017456	0.7618358731269836	-0.00037587081897072494	-0.4422602653503418	-0.1600683629512787	-0.9080341458320618	0.05493929609656334	0.4666469991207123	0.7689096927642822
-0.5861613154411316	0.7106080651283264	0.8533389568328857	0.25799211859703064	0.06104026362299919	-0.36998289823532104	0.19153282046318054	0.7472859025001526	-0.2588565945625305	0.9082232713699341	1.6175233125686646	0.5136525630950928	-1.3398083448410034	-1.9140092134475708	0.7937747240066528	-0.3539712429046631	-0.44267821311950684	-0.06841742992401123	-0.9219966530799866	-0.021050898358225822	-0.9323586225509644	-1.3349968194961548	1.2436045408248901	-0.9938030242919922	-1.318039894104004	-0.577103316783905	-0.1044730469584465	1.25784170627594	-0.5197689533233643	-0.1984298676252365	1.478247046470642	-1.0750348567962646	1.923845887184143	-1.884628176689148	0.9726402759552002	-1.304535984992981	-1.2281180620193481	-0.8847077488899231	0.9479647874832153	0.029293227940797806	-0.18115054070949554	0.28658682107925415	0.40726205706596375	-0.05284954234957695	-1.440246343612671	-0.799171507358551	-0.31648847460746765	-0.012992334552109241	1.0986970663070679	-1.2876087427139282	-0.13839249312877655	0.5600330233573914	0.32217130064964294	-0.23763009905815125	-0.253047376871109	0.21329888701438904	-0.4385504424571991	0.10063670575618744	2.256342887878418	0.8213252425193787	0.3652653098106384	1.760977029800415	0.6532486081123352	-0.42237669229507446	1.3593354225158691	-0.14954818785190582	-0.1496618539094925	-0.7765052318572998	-0.16925048828125	-0.009466796182096004	3.0115315914154053	0.24790439009666443	-0.020851455628871918	0.9080948829650879	0.11901546269655228	-0.9223961234092712	0.11365852504968643	-1.4471217393875122	3.42022442817688	-0.6580051183700562	0.18569254875183105	-1.7565932273864746	-1.1966813802719116	0.026689313352108	-1.1255083084106445	-0.9393483996391296	-0.6339291334152222	1.0540331602096558	-0.17795652151107788	-1.8067814111709595	0.15925414860248566	0.6376517415046692	0.8968066573143005	1.3221169710159302	0.809714138507843	-1.1237001419067383	0.8717654347419739	-0.07996765524148941	-0.20542021095752716	-0.70299232006073	1.2053697109222412	-0.5948193669319153	-2.5066733360290527	1.1260545253753662	-0.7445552945137024	0.018710196018218994	-0.8699101209640503	-1.283443570137024	0.5520731806755066	-0.0774434432387352	-0.09619949758052826	0.27169644832611084	0.36813223361968994	1.17123544216156	0.061223194003105164	-0.7421420216560364	0.18926745653152466	-0.6738895773887634	0.5235742926597595	0.8584240674972534	-0.37180250883102417	-0.615993857383728	-0.0033075546380132437	-0.31385037302970886	0.1267504245042801	-0.24746493995189667	0.7800366878509521	-0.521504282951355
-1.3511091470718384	0.7300884127616882	0.3830602169036865	0.6906508803367615	-0.9786387085914612	-0.321047842502594	-0.16385188698768616	1.168170690536499	-0.011211449280381203	0.47157523036003113	-1.4945266246795654	-2.7657840251922607	0.36140188574790955	1.2722924947738647	0.9369896054267883	1.0073246955871582	-0.18866325914859772	-0.4523104131221771	-0.3367263972759247	-0.6029242277145386	0.8455416560173035	-0.019724717363715172	0.6508505940437317	0.12055611610412598	-2.201868772506714	0.2923012971878052	-0.06901393830776215	0.7693866491317749	-0.23451568186283112	1.3564651012420654	-1.714979648590088	-0.422416627407074	0.5740519165992737	-0.6808094382286072	0.17744474112987518	-0.6956217288970947	-0.3118356168270111	0.39716267585754395	1.5155631303787231	-0.6438025832176208	1.8115720748901367	0.7006023526191711	-0.3609410524368286	-0.007227197289466858	-0.1586712747812271	-1.012310266494751	-0.20701399445533752	-0.5801005363464355	0.5778998732566833	-0.4298483431339264	-1.5056244134902954	0.963475227355957	-0.18142150342464447	0.025759542360901833	0.6712052226066589	-0.5271340608596802	1.204593300819397	0.2721930742263794	-0.5873551964759827	0.7111152410507202	0.6852196455001831	0.25421997904777527	-0.4921281635761261	0.4258289337158203	-0.956731379032135	-1.7171590328216553	0.8881453275680542	0.6074219942092896	0.8083527088165283	-0.3815686106681824	0.9259658455848694	0.2095552533864975	-0.5354369878768921	1.24843168258667	0.9623627066612244	-0.8075883984565735	0.581587016582489	2.3728091716766357	-1.200703740119934	0.16214464604854584	-1.9410635232925415	0.1271141916513443	0.6996586918830872	-1.2731692790985107	0.6374843716621399	-0.22227896749973297	-0.579312801361084	1.0872138738632202	-2.785813808441162	-0.5677729249000549	-0.5562758445739746	-1.357448697090149	-0.16760943830013275	0.11171472072601318	-0.03294745087623596	0.45834794640541077	-0.9720656275749207	0.9112311601638794	-0.3525693416595459	-0.6644192934036255	-0.38549086451530457	-0.7720826268196106	-0.10848279297351837	0.483210951089859	0.4920446276664734	0.4113076329231262	1.3010176420211792	-1.2314082384109497	-0.2905915379524231	0.18483254313468933	-0.021037502214312553	-0.20769859850406647	-0.0559772327542305	-0.028180450201034546	0.6568703651428223	0.7508153319358826	0.007501423824578524	0.9675616025924683	1.2430363893508911	-0.8287754058837891	0.4062066376209259	0.2824120819568634	0.043494414538145065	1.1739534139633179	1.5738340616226196	0.5381519198417664	-1.2302255630493164	-1.418325662612915
-1.1070462465286255	0.2506774663925171	1.2453488111495972	-0.2537361681461334	2.9246578216552734	0.808815062046051	1.8961753845214844	-0.3560766279697418	-0.4035361111164093	-1.7607247829437256	0.15672320127487183	0.35517120361328125	2.476759433746338	-0.636236310005188	0.10263730585575104	-0.7059513926506042	0.5068240165710449	-0.1691335141658783	0.01724228821694851	0.940791130065918	-1.4858143329620361	1.757105827331543	-0.2175655961036682	-0.18352511525154114	-0.9407933354377747	1.1751658916473389	0.4704110622406006	-1.110109806060791	-1.4394007921218872	0.4245077967643738	0.3739093840122223	0.2745353877544403	-1.5208404064178467	-0.21358762681484222	0.2654346525669098	1.0753729343414307	0.15596774220466614	-1.8310500383377075	0.5184286236763	1.2395060062408447	-1.6507707834243774	1.7277381420135498	-0.5318804979324341	0.10197276622056961	-0.31839805841445923	1.066473126411438	-1.0988413095474243	0.9477294683456421	-0.7843571901321411	0.9739712476730347	-1.7993220090866089	-2.08562970161438	1.2275270223617554	0.24516898393630981	-0.796116292476654	-0.7861884236335754	2.9619297981262207	0.8768501877784729	-0.275554895401001	0.7904678583145142	-0.003542800899595022	0.9629788994789124	0.9492108821868896	1.2693984508514404	0.743255078792572	-2.568148136138916	0.35831010341644287	-1.4140188694000244	-1.1415016651153564	-0.6309579014778137	-0.37514135241508484	-0.22466306388378143	1.2478748559951782	0.04824689030647278	-0.07242411375045776	-0.04215196147561073	-0.8763863444328308	-0.4791771173477173	-0.10436152666807175	1.1756850481033325	1.6040880680084229	-1.7342313528060913	-1.7629673480987549	1.8217318058013916	-0.0800672173500061	0.2031564861536026	0.10803068429231644	-1.0822352170944214	-0.9777671694755554	-0.2555023431777954	-2.365126848220825	1.1135252714157104	0.9065335392951965	-0.5483697056770325	0.42927539348602295	-0.4127340018749237	-0.11387260258197784	1.1392909288406372	0.5407633185386658	-0.2922636866569519	-0.47510209679603577	0.7908384799957275	1.2657345533370972	-2.82112455368042	-0.004382011480629444	1.7695691585540771	-0.3215279281139374	0.20169790089130402	0.24497640132904053	-0.8465508222579956	1.4397162199020386	-0.3382757604122162	-1.5038888454437256	-1.7372245788574219	-0.4336289167404175	0.25592324137687683	1.0172210931777954	1.4374920129776	0.653658390045166	-2.3119800090789795	0.39002087712287903	-0.1979093700647354	-0.2848028242588043	0.2503569722175598	-1.1766971349716187	-1.0147465467453003	0.8385495543479919	0.24482986330986023
0.055153246968984604	1.241109013557434	-1.6246373653411865	0.46038392186164856	0.39058515429496765	0.1482415795326233	0.5684163570404053	-0.6839893460273743	1.0260854959487915	-0.176245778799057	1.0680335760116577	-1.5174797773361206	1.5208594799041748	-1.4656516313552856	-0.30403798818588257	-0.2801896035671234	-0.06873341649770737	0.3652256727218628	-0.3183392882347107	2.0105013847351074	1.266385555267334	-0.3763468265533447	-1.449817419052124	-0.49706363677978516	0.2472665160894394	0.5702101588249207	0.1766667366027832	0.8396826982498169	-1.3632957935333252	-0.19300787150859833	-0.028889311477541924	0.4396296739578247	0.29411113262176514	0.9442458152770996	1.9381146430969238	-0.9799375534057617	0.267699658870697	-0.5884829759597778	0.09145206212997437	0.7456606030464172	0.2308286726474762	0.8732464909553528	2.145287275314331	0.8250150084495544	-0.5276089906692505	-0.20809346437454224	-2.53975772857666	-0.9288493394851685	-1.4269376993179321	-0.6004666090011597	-0.21868743002414703	-0.2746557295322418	-0.4233440160751343	1.8861849308013916	-0.42018356919288635	-1.4241557121276855	-0.17877450585365295	-0.18014168739318848	1.0124589204788208	0.21114078164100647	1.3532534837722778	0.6453618407249451	-0.8544572591781616	1.261165976524353	-0.9957566261291504	0.07976829260587692	0.6899645328521729	0.17021331191062927	0.7137380838394165	0.896645724773407	0.019545558840036392	-1.2645416259765625	0.5410175323486328	0.6249538064002991	-0.9888461828231812	-0.10238178819417953	-1.3585247993469238	0.14095045626163483	0.6963467597961426	-1.041930079460144	-0.39032602310180664	-1.9840432405471802	-0.7089784145355225	-0.1880425363779068	1.051522135734558	-1.1482754945755005	-0.5361257791519165	1.8443623781204224	-1.4261630773544312	-0.08626610785722733	-0.719667375087738	-1.1529730558395386	0.16051644086837769	1.97085440158844	1.0330886840820312	0.615172803401947	0.36748695373535156	0.20109952986240387	2.5850436687469482	-0.7262519001960754	1.4792181253433228	0.10966642946004868	-0.9427635669708252	-0.5505267977714539	0.400865763425827	0.6505601406097412	-0.08117985725402832	-0.9515553712844849	-1.1841038465499878	0.04343032464385033	0.4544883072376251	1.4170606136322021	-0.8014243841171265	-0.21654126048088074	-0.8628650903701782	-2.452692985534668	-1.3254584074020386	-1.3034237623214722	1.4008188247680664	0.16326360404491425	-1.4263068437576294	-0.40527501702308655	-3.381762742996216	-1.0405714511871338	1.1704529523849487	-0.7404048442840576	-1.067073941230774	0.2100926637649536
-0.060747526586055756	1.0415241718292236	0.45766764879226685	-0.386171817779541	0.5876941084861755	0.1990879476070404	-0.8151968121528625	-1.1017967462539673	-0.9625365734100342	-0.6194358468055725	0.3066287934780121	1.5932215452194214	-0.6403015851974487	0.8841961622238159	-0.8191661238670349	0.5485796928405762	-0.3877585828304291	-0.24201391637325287	0.6071539521217346	-0.0815395787358284	-0.7511225342750549	-0.03678885102272034	-0.4982602000236511	-0.7018383145332336	0.7327521443367004	0.4939005672931671	1.8485413789749146	-2.3510732650756836	0.4193716049194336	-0.5592761039733887	1.6184288263320923	-0.3409315049648285	0.3632514178752899	1.303781270980835	-0.091398224234581	-1.014302134513855	0.4955306053161621	-0.3019632399082184	2.6131844520568848	0.5618944764137268	1.0684884786605835	0.22595694661140442	1.0404576063156128	-0.021642668172717094	-0.7009743452072144	0.9848748445510864	1.1853854656219482	0.9439175128936768	0.1350734829902649	1.2157691717147827	-0.19053398072719574	-1.4191566705703735	1.067745566368103	-0.5190758109092712	0.18945947289466858	0.5225521922111511	-0.3346348702907562	-0.23921933770179749	0.8075995445251465	0.7003759741783142	-1.3038713932037354	0.8419399857521057	-0.6165868639945984	-0.07722212374210358	-0.3446546494960785	-1.167146921157837	0.47297632694244385	-2.140706777572632	-0.7943364381790161	-2.5714893341064453	-0.4318505823612213	-0.47880488634109497	-0.20004884898662567	-0.14362384378910065	2.2033631801605225	-2.562446117401123	-1.3319976329803467	0.4077332317829132	-0.26215261220932007	-0.014309185557067394	0.0017025795532390475	-1.1721678972244263	0.3246232271194458	1.1097782850265503	1.3371931314468384	1.4685579538345337	0.03408700227737427	0.12074653059244156	-1.0620280504226685	0.09372291713953018	-0.5369851589202881	0.07101806253194809	-0.45037341117858887	0.3954550623893738	0.34508445858955383	1.5939308404922485	0.9814382791519165	0.5431376099586487	0.8057628273963928	2.367265462875366	-1.2167909145355225	-0.10046415776014328	-1.6710431575775146	-0.642731785774231	-0.7820802330970764	-0.23499758541584015	0.40507152676582336	1.9349788427352905	-0.5535996556282043	0.31944236159324646	-1.2926039695739746	-0.8723098039627075	1.2706791162490845	0.034901127219200134	0.5299988389015198	-1.1181241273880005	-0.4980000853538513	-1.341520071029663	0.7877188324928284	0.5888651013374329	-1.459415078163147	-0.9924954771995544	0.33723706007003784	1.5929464101791382	-0.6156119108200073	0.5722452402114868	1.0960878133773804	-1.100827932357788
0.16433970630168915	0.4054073095321655	-0.03506816551089287	-0.23783309757709503	-0.3951804041862488	-0.20101922750473022	0.9169062972068787	-0.3566816449165344	0.3913523554801941	0.6305704116821289	0.4066677987575531	0.3628253936767578	-2.289124011993408	-0.1906774491071701	0.6477138996124268	-1.6053205728530884	-1.2773213386535645	0.949481725692749	0.8179095387458801	2.2162058353424072	-0.5688347816467285	-1.7885916233062744	-0.5138949155807495	0.31537169218063354	-0.011151935905218124	2.0558736324310303	-1.0703307390213013	0.7486449480056763	0.6092686653137207	-0.7924099564552307	0.08121033757925034	-0.3575066924095154	-0.13036993145942688	-0.9113987684249878	0.26571106910705566	0.02312060259282589	0.32449132204055786	-0.6886247396469116	1.3489038944244385	-0.4135010242462158	-1.0669866800308228	0.4911976456642151	-1.3235743045806885	-1.82465660572052	0.9537509679794312	0.8593854904174805	1.9369906187057495	0.4048530161380768	0.8030698299407959	-0.9289303421974182	0.3270163834095001	1.034548282623291	-1.9496612548828125	0.2331862896680832	-0.14882655441761017	-1.4232239723205566	1.7941911220550537	1.2852023839950562	0.8452315330505371	0.10411114245653152	-1.7747992277145386	-0.8388636112213135	0.7995304465293884	1.4068001508712769	0.7709507346153259	0.027066491544246674	-0.6062608361244202	-0.3809291124343872	-1.8758615255355835	0.4152725338935852	0.39135998487472534	-2.0063531398773193	-0.6705330014228821	0.11337105184793472	-2.305765151977539	0.01717904955148697	0.893916130065918	-0.7853087782859802	0.3320120871067047	-0.5509310960769653	-0.036148764193058014	-1.9939552545547485	-0.9768612384796143	-0.15991340577602386	-1.1520884037017822	0.548231840133667	0.9418503642082214	0.9073488712310791	-0.6549622416496277	-0.29627537727355957	1.820563554763794	1.037145972251892	-0.3984472155570984	-1.7003865242004395	0.5738046765327454	-0.8709438443183899	-1.0159573554992676	1.3831522464752197	-0.2730700969696045	0.9656080007553101	0.40446531772613525	-0.6215534210205078	-1.3774493932724	-0.011334105394780636	-0.7594156265258789	-1.0063345432281494	0.7525694370269775	0.13256056606769562	0.44181233644485474	0.10480435192584991	0.04854543134570122	-0.0051839943043887615	0.612618625164032	1.1809537410736084	-2.2248294353485107	0.0739276185631752	0.5429912805557251	1.1578478813171387	0.4409852623939514	0.3881491422653198	-0.3144664764404297	1.0359399318695068	-1.5403532981872559	0.21164731681346893	0.6517547965049744	0.17927154898643494	0.5916594862937927	0.3943801522254944
0.24080072343349457	1.3632036447525024	-0.6464797854423523	0.14254692196846008	-0.37932780385017395	0.7640085220336914	-0.03970545530319214	-0.03341752663254738	0.9229791164398193	-0.1420564502477646	-0.9239853024482727	0.7608193755149841	-0.5934007167816162	-0.48952406644821167	-0.16656339168548584	-1.0864812135696411	1.5134704113006592	-1.2800891399383545	-1.443367838859558	0.430816650390625	-1.1861505508422852	-0.9072011709213257	1.1786812543869019	-2.0830440521240234	0.2161567211151123	-0.032767727971076965	0.15548956394195557	0.8409678936004639	0.08918841928243637	-0.3221619427204132	2.2783002853393555	-0.5281157493591309	-0.6213395595550537	-0.9236626625061035	-0.7464040517807007	0.2985370457172394	-0.19027762115001678	-0.7615962624549866	-1.9522103071212769	-0.8351749777793884	-0.8564584851264954	1.1948829889297485	-0.6076061129570007	-2.285494565963745	1.4414310455322266	-2.2986488342285156	-0.00920112058520317	0.35505232214927673	-1.1748327016830444	-0.6515467166900635	1.1400278806686401	-2.1067988872528076	-0.46064355969429016	0.3699229061603546	-1.496036171913147	-1.4864832162857056	-0.3389178514480591	0.4419153034687042	0.734728217124939	0.5329583287239075	-0.6663853526115417	-1.6363649368286133	-0.07298138737678528	0.3990938365459442	0.2968423068523407	-0.5928922891616821	-0.007414292078465223	0.22941069304943085	-0.6542540788650513	-0.8626376390457153	-1.7261548042297363	-1.2175588607788086	-1.1418185234069824	-2.4355852603912354	-1.454382061958313	-0.5537222027778625	-1.0935873985290527	-0.6401597857475281	0.8482338190078735	1.4049960374832153	-1.5286228656768799	1.4011785984039307	-1.0261772871017456	-0.3995572328567505	-0.2936157286167145	-2.0439136028289795	0.9176346659660339	-1.2237396240234375	-0.04264479875564575	-0.28980979323387146	1.539167881011963	0.022386450320482254	0.9723807573318481	1.6155436038970947	-0.8409867286682129	0.5302836298942566	2.0306777954101562	-0.6032645106315613	0.7906720638275146	-0.9472445249557495	-1.6141102313995361	1.0137343406677246	-0.4473663866519928	-0.5843746662139893	0.44914916157722473	-1.0657435655593872	-1.3318239450454712	1.1124235391616821	-0.3150601387023926	-0.6320408582687378	-0.7973735928535461	2.4575607776641846	-0.8425197005271912	1.277860164642334	2.3740556240081787	-0.6447306275367737	1.421907901763916	0.9482677578926086	-0.31836220622062683	-0.6978877782821655	-0.09102332592010498	0.11453308910131454	0.5210614204406738	0.6925550699234009	-1.1996134519577026	-1.1651115417480469	-0.7705376744270325	-1.0461602210998535
-0.32300353050231934	0.4092577397823334	-0.2209726870059967	-0.041948042809963226	1.875123143196106	0.27092334628105164	-1.504296064376831	-0.014856667257845402	-0.5343796610832214	1.8143179416656494	-0.9327602982521057	-1.2860714197158813	2.0579183101654053	-0.09986362606287003	-0.956274151802063	-0.21180112659931183	0.8240691423416138	-0.6820240616798401	0.3827216625213623	-0.2236906737089157	0.5752297043800354	-0.502301812171936	-0.3303335905075073	1.806976318359375	-0.10908929258584976	-0.5810889005661011	1.2838337421417236	-0.013161196373403072	0.5982748866081238	0.8619828820228577	-1.2549028396606445	-0.09861139953136444	-0.9671439528465271	1.8436479568481445	0.9367315173149109	0.09094647318124771	-3.002521514892578	-0.7728894948959351	0.632319450378418	-0.05316830798983574	-0.6628201007843018	-1.15464448928833	1.440000295639038	-0.7685876488685608	1.0746856927871704	-0.22067807614803314	1.5942614078521729	-1.0449174642562866	0.35283082723617554	1.2751365900039673	-0.13200436532497406	-0.8052793741226196	2.467963457107544	0.7410420775413513	1.1034191846847534	0.9467387199401855	-0.815199613571167	0.1447252631187439	-1.343253493309021	0.398273766040802	-1.4242744445800781	-0.8340514898300171	-0.17339785397052765	-0.7051645517349243	-0.9713426232337952	-1.7759771347045898	0.9224204421043396	2.136180877685547	-1.4284403324127197	-0.9951529502868652	-0.5429068803787231	-0.40480509400367737	1.0064271688461304	-0.5900089144706726	0.8549086451530457	-0.0892195776104927	0.24910514056682587	-1.6637085676193237	1.1116708517074585	2.0728378295898438	1.2710665464401245	-0.5228459239006042	1.3710488080978394	-0.1478724330663681	0.9266700148582458	-0.8780351281166077	1.8491417169570923	-0.7675249576568604	-0.34947413206100464	0.12164308875799179	0.8534690737724304	0.656615674495697	-1.4103209972381592	-0.400765061378479	0.48748213052749634	0.15122894942760468	-0.20833519101142883	-0.10035745799541473	-0.2947072684764862	1.5336447954177856	0.01877899095416069	-1.2904213666915894	0.35587450861930847	-0.26115334033966064	-1.9548358917236328	0.14301909506320953	-0.5529285073280334	0.8916900753974915	0.2135632485151291	-1.6020654439926147	-0.11501744389533997	1.1017382144927979	-0.24804966151714325	0.6527878642082214	-0.04206332564353943	0.9426230192184448	1.2187187671661377	0.4746919870376587	0.38445717096328735	-1.0073347091674805	-0.3703745901584625	0.16011779010295868	-0.5188553929328918	-0.8401646614074707	-0.2983560860157013	-0.8152614235877991	0.44098612666130066	-0.13776062428951263
0.28331485390663147	-0.5416640639305115	1.4346139430999756	1.4342607259750366	1.360482096672058	-0.5818047523498535	-1.22023344039917	0.7027487754821777	-0.6884907484054565	-0.3433075249195099	0.6345152854919434	1.754135251045227	1.7892582416534424	-0.5599483251571655	-1.2632807493209839	-0.29696646332740784	0.3949015140533447	-0.7734382152557373	-1.2171388864517212	0.05418373644351959	0.706007719039917	0.4706422984600067	1.27311372756958	1.7314727306365967	1.7671624422073364	-0.7529973983764648	1.635848879814148	-1.2825855016708374	1.1911334991455078	1.5551491975784302	-0.17510023713111877	-1.9097847938537598	-1.8808879852294922	0.6335504055023193	-0.3485722839832306	0.8393561244010925	-0.9380748867988586	1.0372228622436523	1.0913441181182861	2.5965545177459717	1.1248304843902588	-0.13873280584812164	0.3652481138706207	8.518743561580777e-05	-0.7302631139755249	1.3268239498138428	-0.7786800861358643	-0.6849638223648071	0.3384377956390381	1.2325323820114136	0.43845200538635254	-0.7500731945037842	-0.21218785643577576	0.21114373207092285	-0.7333499193191528	1.9533662796020508	-0.18385718762874603	0.7080258131027222	-0.32043585181236267	-1.9107614755630493	-0.6290109157562256	-0.08172226697206497	0.8319345712661743	0.07638411968946457	-1.531980276107788	0.3043208122253418	-0.24407988786697388	0.8619356751441956	1.5951694250106812	-1.7687461376190186	0.9806135296821594	1.2397706508636475	-1.8434443473815918	0.2136029303073883	0.6446465253829956	0.29317885637283325	-0.655052661895752	-0.4676937162876129	0.2963144779205322	-1.5692195892333984	-2.2041168212890625	0.9150266051292419	-1.5040298700332642	-0.07908087968826294	0.5244296193122864	-1.0794786214828491	0.4863346517086029	-0.9782280325889587	-0.5501668453216553	0.008469674736261368	-0.0035204028245061636	-0.9445286989212036	0.274078369140625	-1.1865376234054565	0.8518645167350769	-1.7800910472869873	1.083882212638855	0.8325526118278503	-0.4254944622516632	1.629465103149414	-0.8917750716209412	0.31004080176353455	-0.46235379576683044	-0.47116324305534363	1.1770718097686768	-0.9193390607833862	1.2586365938186646	-0.30449917912483215	0.24204692244529724	0.23097197711467743	-0.17675724625587463	1.0717058181762695	-0.9871094226837158	0.7214885950088501	1.1630311012268066	-1.5513132810592651	0.3150618374347687	-0.5528717041015625	0.40308094024658203	0.4078657627105713	1.5227344036102295	-0.2645362615585327	-0.07690490782260895	-0.9372714757919312	-0.8754711747169495	0.9920637607574463	0.6706367135047913	0.11373498290777206
0.4816383123397827	0.16330121457576752	-0.12122024595737457	-0.07537025958299637	0.7266701459884644	0.25899428129196167	-0.09165366739034653	0.0639815554022789	0.6981358528137207	-0.4244081974029541	-1.4730663299560547	-2.481069326400757	0.371724933385849	1.3049029111862183	-0.5041855573654175	0.22743915021419525	-0.08459794521331787	0.5822845697402954	0.6864674687385559	1.3716166019439697	-0.4943813979625702	-2.0321571826934814	0.8348799347877502	-0.33515283465385437	-0.05299394950270653	0.9848289489746094	1.325563669204712	-2.262272834777832	0.24090474843978882	-0.35753849148750305	1.7372421026229858	0.07126780599355698	-0.5145127177238464	-1.102112054824829	1.1157946586608887	-0.10204111784696579	-0.5688344240188599	-0.20870472490787506	1.3094465732574463	-0.3525424003601074	0.5802189111709595	1.5737321376800537	-0.7174748778343201	-0.4493531584739685	-0.6795976161956787	0.4350421726703644	-0.46100321412086487	0.5258656740188599	-1.850780963897705	-0.4688836336135864	-0.050957489758729935	0.45579302310943604	-0.6662393808364868	2.0963919162750244	1.0940568447113037	-0.3648437559604645	-0.051350027322769165	0.0007160899695008993	-1.4608780145645142	1.280468225479126	0.8390825390815735	-1.3738106489181519	-0.5649434328079224	-2.702587127685547	-0.7767050266265869	-0.24794241786003113	-0.06250550597906113	0.12446422129869461	-1.636590600013733	0.026830118149518967	-0.6240779161453247	0.8069398999214172	2.221126079559326	-0.08174379169940948	1.2819371223449707	0.7037104368209839	-0.3179880678653717	-1.2170140743255615	0.5388266444206238	-0.11166398972272873	0.3785119354724884	0.24885033071041107	-1.1935217380523682	-0.7920316457748413	-0.9358671307563782	-0.9182302355766296	0.7450056076049805	1.1621235609054565	0.5732835531234741	0.3185351490974426	-0.06413616985082626	-0.20939834415912628	-1.904790997505188	1.692286729812622	-0.7222371101379395	-3.237391948699951	-0.5844854116439819	-0.33522313833236694	-0.7421004772186279	0.2188050001859665	0.8649105429649353	-0.07888602465391159	0.18839138746261597	0.6502941846847534	0.3082049787044525	-0.07680894434452057	0.5486411452293396	-0.6147682666778564	-0.5669512748718262	0.06544583290815353	-1.0110602378845215	-0.18506869673728943	-0.08710978180170059	2.834717035293579	0.8299885392189026	0.9834355115890503	1.8959952592849731	-2.5461785793304443	0.5606443285942078	0.0722765326499939	-1.5287995338439941	1.7411699295043945	0.7008835077285767	0.8322823643684387	0.9167175889015198	1.166573166847229	0.8319868445396423	-1.2019957304000854
1.4598002433776855	-1.8091188669204712	1.4970918893814087	0.9898872375488281	-1.3176612854003906	0.6705771684646606	-0.7524098753929138	1.0931962728500366	-0.37389299273490906	-1.3555420637130737	-1.4237126111984253	2.076216459274292	1.0430291891098022	-0.05906926095485687	1.345550537109375	-0.3161974251270294	-1.3431997299194336	-0.527665913105011	1.3534998893737793	-0.41991525888442993	1.401374340057373	0.9707671403884888	0.7988439202308655	1.5007646083831787	0.41278621554374695	0.9226057529449463	0.7362855672836304	-0.559084415435791	0.6415707468986511	1.8250820636749268	0.3950769305229187	-0.15166985988616943	0.22945177555084229	-1.2575830221176147	-0.22452497482299805	0.6863459944725037	0.2532024681568146	-0.5066027045249939	0.30987197160720825	-1.1619430780410767	-1.2541751861572266	0.37138059735298157	-0.2602601945400238	0.2882523238658905	-1.2104634046554565	0.44627538323402405	0.2657133936882019	-0.5754178166389465	-0.8365496397018433	-0.5576368570327759	0.6603150963783264	-0.13560906052589417	1.0541681051254272	0.3964127004146576	-1.0953733921051025	-0.02370058000087738	-0.6130491495132446	0.012637642212212086	-1.2363779544830322	1.0689399242401123	0.5297035574913025	1.1632786989212036	0.42217817902565	1.2819072008132935	1.1103445291519165	0.03778550401329994	0.2306356579065323	0.3468087911605835	-1.2508503198623657	-1.2613321542739868	0.7149953246116638	0.12075351923704147	0.15251034498214722	-1.1272556781768799	0.17802736163139343	-0.709654688835144	1.4091567993164062	-0.4286413788795471	-0.06151235103607178	-1.1242538690567017	0.45313483476638794	-0.19632306694984436	1.0471596717834473	0.6810888051986694	0.17948664724826813	1.0632785558700562	-1.4535332918167114	0.22945918142795563	-1.1747909784317017	0.38964053988456726	-0.4042615294456482	-0.13136976957321167	-1.5769675970077515	-0.050126515328884125	0.30803656578063965	-0.5386996269226074	1.4530415534973145	-0.8176642656326294	0.11180807650089264	-0.16618454456329346	-0.5921751260757446	-1.4261806011199951	0.5465452075004578	0.01061747781932354	-0.5830643177032471	0.006026414223015308	0.1535906344652176	1.4724804162979126	-0.2737196087837219	0.45255371928215027	1.354265809059143	0.42335158586502075	0.3672448396682739	-0.49673330783843994	-0.812470018863678	-0.672213077545166	-1.6360137462615967	-0.34627097845077515	0.29116860032081604	-0.6657619476318359	1.3902208805084229	0.9718902111053467	-0.07475439459085464	-0.628684937953949	-0.14709627628326416	0.680610716342926	0.43320316076278687	-0.5340350866317749
0.289312481880188	-1.3011316061019897	-0.12903043627738953	-0.8212649822235107	-0.8731281757354736	0.06122087314724922	1.032950520515442	0.06284502148628235	-0.8622990846633911	-1.749066948890686	-1.823254108428955	0.6295923590660095	0.3270518481731415	0.5696229338645935	-0.009517616592347622	-0.03263989835977554	0.9637366533279419	1.6133538484573364	-0.18345987796783447	-1.3310734033584595	-0.607676088809967	0.09680140018463135	0.3421976864337921	-0.059244874864816666	0.023902542889118195	1.2178006172180176	-0.33864501118659973	-0.09355343878269196	0.10190454870462418	-1.1846975088119507	1.0449249744415283	-0.05286038666963577	0.6903479695320129	-1.2912451028823853	-1.128169059753418	0.6622259020805359	0.948723554611206	0.14802610874176025	-0.5496842861175537	-1.591785192489624	0.4345650374889374	2.56485652923584	-0.39282044768333435	-1.547881007194519	0.6757277846336365	0.7737246751785278	0.1637222170829773	0.6103664040565491	0.3062717318534851	-0.08934877067804337	0.30358341336250305	-0.5939213037490845	-0.8343988060951233	0.43058714270591736	0.7680930495262146	2.243450403213501	-0.6426721215248108	-0.6397592425346375	0.692862331867218	1.043758511543274	0.7531176209449768	0.9666459560394287	0.8929064869880676	-0.7791585922241211	-0.8405371904373169	0.8484482765197754	0.9666064977645874	0.9806261658668518	0.7536512017250061	0.3221856951713562	-1.5774654150009155	0.04172934219241142	-0.1450537145137787	-0.0663142278790474	0.47846072912216187	0.4875466525554657	-0.6833171248435974	-1.3395285606384277	1.1148942708969116	-0.3237067759037018	-0.24878668785095215	0.03936919942498207	-0.7138299942016602	-0.5467627644538879	-1.0949175357818604	0.4653969407081604	0.9480064511299133	-1.1960967779159546	-1.2514581680297852	0.9128004312515259	0.17353005707263947	-1.8179155588150024	-0.6516237258911133	0.04273677617311478	0.8401172757148743	0.27516743540763855	0.41721683740615845	-0.8860254287719727	-1.0732572078704834	-0.24989165365695953	-0.9412373304367065	-0.7093551754951477	0.25748857855796814	-2.1141533851623535	-0.946643590927124	-1.860241174697876	-0.6011977791786194	0.5696254968643188	-1.0247608423233032	1.1397629976272583	-0.5401404500007629	0.6346675753593445	0.7015537023544312	-0.9578395485877991	-0.1339246928691864	0.15795637667179108	1.4851512908935547	-0.53043133020401	-0.6323836445808411	0.06452705711126328	-0.10171341150999069	-0.7922516465187073	-1.3786238431930542	-0.8310129642486572	0.30527734756469727	1.4715464115142822	-1.2134478092193604	-0.5511836409568787
-0.269370973110199	-0.7471107244491577	-0.537894070148468	0.15211623907089233	1.1685497760772705	-0.10747753828763962	-0.3461146354675293	-0.34385040402412415	0.26999425888061523	0.12038537859916687	-0.1506059169769287	1.5067542791366577	0.21655234694480896	0.06314299255609512	0.3424525260925293	0.36884549260139465	0.08842429518699646	-2.4022762775421143	-0.6957136988639832	-1.1625592708587646	1.2456591129302979	-0.7649809122085571	0.6116738319396973	0.3162994384765625	-0.7689283490180969	0.25881993770599365	-0.5973033308982849	0.13365255296230316	0.5801838040351868	0.19739930331707	0.5210646986961365	-0.3451884388923645	0.26027271151542664	0.07304408401250839	-0.2843306064605713	-0.6125616431236267	-0.03938262537121773	0.03303892910480499	-0.5785084366798401	0.9038562774658203	0.5757795572280884	-0.9997897148132324	-0.06979556381702423	-1.3135710954666138	0.9117364287376404	0.7339904308319092	-0.5828244686126709	0.6240544319152832	-0.009515855461359024	0.006504687946289778	-0.9115328192710876	1.0359065532684326	-0.7477989792823792	-1.010599970817566	0.9585164189338684	1.7582824230194092	-0.6850066781044006	0.8150025606155396	0.1690116971731186	0.6775484681129456	1.2940661907196045	-0.2633053660392761	0.13483700156211853	0.22730113565921783	-0.07013799250125885	0.2218421995639801	-0.9712886810302734	-2.0540432929992676	1.747533917427063	-1.3484474420547485	-0.4485146403312683	-0.9221332669258118	1.74484121799469	0.6569063067436218	-1.2459162473678589	0.10743540525436401	-1.7504550218582153	0.008936607278883457	-1.5387017726898193	0.5232166647911072	-0.5526376962661743	-0.2788240313529968	-1.289931297302246	0.37774142622947693	-1.3765124082565308	-0.4742501676082611	-0.8668974041938782	-0.8644946813583374	0.5029246807098389	-0.3985733091831207	-0.40283992886543274	-0.014249226078391075	1.7902405261993408	-0.35866469144821167	-0.9227073788642883	-0.8236991167068481	0.24059553444385529	2.197146415710449	0.38163048028945923	1.9611440896987915	0.6553795337677002	-0.3067963123321533	0.1764402836561203	-0.6855063438415527	-0.7169967293739319	2.6060116291046143	-1.8463298082351685	-0.38677582144737244	0.2740950882434845	-1.6131082773208618	-0.04600241407752037	-0.285859078168869	-1.3945690393447876	-0.510008692741394	-0.22057875990867615	-1.234679102897644	0.2891540825366974	-1.6401526927947998	0.4158088266849518	1.1334607601165771	0.7829972505569458	0.6785405278205872	0.06685344129800797	-0.07491343468427658	-0.0633622407913208	-0.6527076363563538	-1.3787150382995605	0.8583229780197144
-0.2892352044582367	0.6784140467643738	-0.7221761345863342	2.1482839584350586	-0.560908854007721	-0.5401046276092529	-0.2248230278491974	-1.3444422483444214	0.118526391685009	-1.7204606533050537	-1.8694835901260376	-1.5446072816848755	0.06401423364877701	-0.5517726540565491	-1.1087349653244019	0.5364604592323303	-1.389987826347351	-0.9533287286758423	1.286728858947754	1.5155640840530396	-0.16157041490077972	-2.0722806453704834	-0.14066773653030396	-1.348924160003662	0.8843562006950378	0.41087427735328674	0.13898637890815735	-0.41545265913009644	-0.7665495276451111	0.36159753799438477	-0.24622231721878052	-0.6793860197067261	1.063798189163208	-1.0661332607269287	-0.722884476184845	0.3943053185939789	-0.5738698840141296	-0.2346721887588501	0.7861581444740295	0.010726161301136017	-1.8915822505950928	-0.23357325792312622	0.09886996448040009	0.015534806996583939	-0.3321667015552521	0.07939187437295914	1.1796096563339233	0.4596175253391266	0.1650094985961914	0.5875747799873352	0.637635350227356	0.046962350606918335	1.6429637670516968	-1.2248528003692627	-0.6050907373428345	-1.5365384817123413	-0.31434565782546997	1.6809662580490112	0.8845493197441101	-2.9299538135528564	0.3374936878681183	-0.3579062223434448	0.2844904959201813	-1.2783195972442627	0.774745762348175	-2.0966522693634033	-1.709607481956482	1.519904613494873	0.3138953745365143	-1.698770523071289	-1.719677448272705	0.1364663541316986	-1.8827271461486816	-0.3224998116493225	-0.6196805238723755	0.5471415519714355	-0.07505998015403748	0.4460042715072632	-0.28535881638526917	0.008168092928826809	-1.0833871364593506	-1.595629096031189	-0.8468368053436279	-1.1568207740783691	-0.4182462990283966	-0.4349181354045868	0.7224254608154297	0.7312286496162415	0.7390242218971252	0.040590349584817886	1.9238933324813843	-0.3591773808002472	-0.3447921872138977	0.14884138107299805	0.5264570713043213	-0.7516610026359558	2.338120698928833	-3.2015604972839355	-0.3665376901626587	0.026301024481654167	0.862335741519928	1.400238037109375	-0.15275898575782776	1.5560786724090576	0.7130199074745178	-0.799787163734436	-1.416276454925537	0.1168486550450325	-0.7308105230331421	1.7439591884613037	-0.5350965857505798	-0.3251798152923584	-0.719107449054718	-0.9212895631790161	1.8226611614227295	-0.05704512447118759	0.7695150971412659	-0.09335992485284805	1.6041018962860107	-0.9916185736656189	-2.966695785522461	-0.8261423707008362	-0.07816251367330551	-0.5765491724014282	0.9376003742218018	0.16975092887878418	-1.1681853532791138	0.566259503364563
-0.8981372714042664	1.3462051153182983	0.6569656729698181	0.7881020307540894	0.3770681619644165	1.1351760625839233	-0.01116838026791811	-2.837428092956543	0.3979489207267761	-0.42847737669944763	-0.8499079942703247	-1.418054223060608	0.14333216845989227	-1.5586509704589844	0.0008242481853812933	1.452377200126648	-1.1308598518371582	-0.10801345854997635	-0.799445629119873	-1.0391067266464233	0.7439813017845154	-1.4807724952697754	-0.10303226113319397	0.31089791655540466	2.0192010402679443	-0.465385377407074	1.6022518873214722	1.1382485628128052	0.9543154239654541	0.5819234251976013	-0.243495374917984	-0.15526241064071655	0.07814624905586243	0.43736228346824646	-0.12524163722991943	-0.23674128949642181	-1.4407280683517456	1.1154391765594482	-2.037635087966919	-0.4476337134838104	0.8214808702468872	-0.24461312592029572	0.608932614326477	2.574981451034546	0.5650638341903687	1.0998327732086182	0.18859069049358368	-0.5465025305747986	2.763460397720337	-0.812440037727356	1.4571701288223267	0.3704495131969452	0.8149632215499878	-1.4173191785812378	-0.4017941653728485	-1.45417320728302	-0.8814122676849365	1.515836238861084	-2.0781328678131104	1.133548617362976	-1.1545261144638062	0.5830847024917603	1.1172256469726562	1.243128776550293	-1.8291125297546387	-0.25603505969047546	0.8209905624389648	-0.6738277673721313	-1.1501840353012085	0.4775567054748535	-0.0704592615365982	-1.630509376525879	1.0163936614990234	1.3287341594696045	-0.7145241498947144	-1.2822717428207397	-0.10745667666196823	0.0924224853515625	0.8997198343276978	-0.3426140248775482	-1.877422571182251	-0.4142026901245117	1.486621379852295	1.2049267292022705	-0.1051245853304863	-1.0852769613265991	-2.000392198562622	0.9384775161743164	-0.5591055154800415	0.22868157923221588	0.310746967792511	-0.6021783351898193	0.8235881328582764	0.777016282081604	2.1890571117401123	-0.21139751374721527	-0.169253870844841	-0.48652201890945435	0.013179650530219078	1.2140353918075562	1.9156259298324585	0.8382449746131897	0.4341902434825897	0.36325424909591675	0.37810441851615906	-1.3770817518234253	0.6013242602348328	0.12864738702774048	-1.7334190607070923	2.5932228565216064	2.3336007595062256	0.8322187662124634	0.765053391456604	1.7300323247909546	0.5023599863052368	-0.21412020921707153	-0.3501838147640228	0.9610629081726074	-0.816943347454071	-1.5446486473083496	-1.386762022972107	-0.9416294693946838	0.9042237997055054	-0.8792880177497864	0.27567335963249207	-1.2507342100143433	0.1459122747182846	-0.9831433296203613
-0.955948531627655	-0.5012971758842468	-0.16592377424240112	-0.3976759612560272	-0.52798992395401	-1.682111144065857	-1.8483705520629883	-0.5761853456497192	-0.01421556156128645	-0.1941138505935669	-0.2875743508338928	-0.9346826076507568	-0.35956117510795593	0.23834219574928284	-2.026777744293213	-0.6311669945716858	-2.314704656600952	-0.9213449358940125	-0.16279403865337372	-1.1104320287704468	-0.13401804864406586	-0.6979453563690186	0.9688920974731445	-0.42765942215919495	0.5038682818412781	1.2539217472076416	-0.6987746357917786	-0.5992239713668823	-1.1370314359664917	-0.3331602215766907	-0.10351766645908356	0.9554552435874939	-2.39375901222229	0.46034398674964905	-1.3748520612716675	1.8200148344039917	-1.7480164766311646	1.2277476787567139	0.7642230987548828	-0.3710605204105377	-1.1031575202941895	1.3909709453582764	0.7823138236999512	-0.24400687217712402	-1.3050572872161865	-0.2645922899246216	-0.5602426528930664	2.6283397674560547	0.30047014355659485	-1.8273590803146362	-0.15573206543922424	-0.26543086767196655	0.46070367097854614	0.6307352781295776	-0.9287258386611938	0.10112524777650833	1.4973381757736206	-0.7984035015106201	0.5490105748176575	0.7507522106170654	0.32075899839401245	-0.6777860522270203	-0.10375966876745224	-0.7884785532951355	0.44318532943725586	0.3561815917491913	-1.1394368410110474	-0.18518196046352386	1.908023715019226	1.3037047386169434	0.4513726234436035	-0.37776893377304077	1.164014220237732	-0.12793172895908356	0.37901946902275085	-0.7618794441223145	1.3259929418563843	-0.7264386415481567	1.030173420906067	2.8487141132354736	-0.39578166604042053	-0.486515074968338	-0.1849169284105301	1.3664274215698242	-1.365790843963623	-0.8911823034286499	1.3013923168182373	-0.23752214014530182	0.49130842089653015	0.8813527226448059	-0.25562700629234314	-0.9974163770675659	0.7781805396080017	-0.5332568287849426	0.911469042301178	0.03908797726035118	-0.6001119017601013	-0.6474314332008362	-0.7567198276519775	-0.9989939332008362	-0.8689408898353577	0.8257538080215454	-0.20314143598079681	3.0149898529052734	-0.7716718912124634	-0.8099108338356018	0.4491026997566223	0.7142689824104309	-1.4037322998046875	-1.4363564252853394	0.8054536581039429	0.30868661403656006	0.4751163125038147	0.5695387125015259	-1.0023884773254395	-1.2286840677261353	-0.8295167684555054	-1.2627277374267578	-0.21543483436107635	0.25606468319892883	-1.2189383506774902	0.3355433940887451	0.7782716155052185	-0.00438545411452651	0.7073555588722229	1.3394943475723267	1.0834197998046875	0.1407966911792755
-0.999886155128479	-0.084435373544693	-0.024880878627300262	0.10266605019569397	0.6805932521820068	-0.25546568632125854	-1.0892610549926758	-0.5777208209037781	0.5523470640182495	-0.7948611378669739	-0.2564330995082855	0.46145519614219666	0.9592340588569641	-1.4291167259216309	-1.7424139976501465	0.3361850082874298	0.27621346712112427	0.952857255935669	-1.6734241247177124	1.0829702615737915	-1.644991397857666	2.320918083190918	-0.5016757249832153	0.24458034336566925	-0.46037808060646057	1.7843098640441895	-0.1985149383544922	0.26429224014282227	1.0555764436721802	1.9472962617874146	0.17035196721553802	-0.1731850802898407	-0.10941348224878311	1.794539213180542	-1.6317782402038574	-0.2769492566585541	0.7217406630516052	2.490046739578247	-0.6646003723144531	0.33629414439201355	1.1501318216323853	0.5875285267829895	-0.8855171799659729	-0.4748130142688751	-1.321327567100525	0.5192501544952393	-1.768659234046936	0.5055214762687683	-1.156988501548767	-0.9827532768249512	-0.7124328017234802	1.1589545011520386	-0.7006211280822754	1.7105205059051514	0.29766029119491577	-1.3205153942108154	0.46818435192108154	-1.3872456550598145	0.391247421503067	0.6773959398269653	-0.3163319230079651	1.294206976890564	-0.41949108242988586	0.62738436460495	0.1822500228881836	0.6072896718978882	-1.0743687152862549	-0.04951309785246849	-1.1323373317718506	0.22700141370296478	1.1184203624725342	-0.14920949935913086	-0.009671405889093876	0.9011269807815552	-0.1851871907711029	0.14903676509857178	-1.536733627319336	1.4687474966049194	-1.5423479080200195	0.6062523722648621	-0.3823016881942749	2.6869702339172363	0.06062721833586693	0.07387357205152512	0.9171403050422668	0.38513749837875366	-0.29417896270751953	-0.1750427484512329	-2.5635993480682373	-0.7644568681716919	-1.4017281532287598	-0.35732412338256836	-0.9074993133544922	-0.02890879474580288	1.1828539371490479	-1.020930290222168	-0.5923462510108948	-0.5158094763755798	0.287936270236969	-0.5640393495559692	-1.0125421285629272	0.1524379700422287	-0.27330973744392395	0.530880868434906	-0.5619686245918274	0.12621334195137024	0.008511995896697044	-0.2870853841304779	-0.3742501735687256	-0.43860897421836853	0.6196255087852478	0.08183667063713074	0.3469702899456024	0.29513734579086304	-0.19877444207668304	-0.6215401887893677	-0.04385703057050705	0.969187319278717	0.3738631308078766	1.0214301347732544	1.139249324798584	-0.8811966776847839	0.06772761046886444	-2.071733236312866	0.7209184169769287	1.2354525327682495	-0.5674939751625061	-0.023122848942875862
1.568363070487976	0.5305089950561523	0.8977742195129395	0.02547803521156311	1.303195595741272	1.153808832168579	0.18388500809669495	-1.2258130311965942	1.0715062618255615	1.3554928302764893	-1.3104193210601807	1.0736563205718994	0.8858674168586731	-0.6436130404472351	-0.7446429133415222	2.119489908218384	-1.9881733655929565	-0.6936493515968323	0.566321074962616	-0.8276399374008179	-1.6080403327941895	0.21530699729919434	1.4851007461547852	0.616998553276062	0.25897249579429626	0.5911049246788025	0.573358952999115	0.5846480131149292	1.6731572151184082	-0.38054540753364563	0.6677672266960144	-0.5547073483467102	0.7746856212615967	0.9944079518318176	0.48214855790138245	1.632076621055603	1.1845018863677979	-1.0962926149368286	-0.29526737332344055	-1.5875134468078613	-0.0960855707526207	0.4167652726173401	-0.005527796223759651	1.9281196594238281	0.6482001543045044	0.7042789459228516	0.8626372218132019	0.7837823033332825	0.9598553776741028	1.3387287855148315	-0.6553943753242493	0.14369137585163116	-0.3070570230484009	-0.43782007694244385	0.6381256580352783	-0.1637459248304367	0.021704699844121933	-0.534128725528717	0.25711145997047424	0.6224682331085205	-0.029137376695871353	1.6436432600021362	-0.7445410490036011	0.19956547021865845	1.4141080379486084	-0.49441230297088623	-0.7863426208496094	-0.2763201594352722	-0.5502727031707764	-0.03177369758486748	-0.5275153517723083	0.7722395062446594	1.3181087970733643	-1.533828854560852	-0.49633607268333435	0.4422819912433624	-1.583031415939331	-0.7067969441413879	-1.0604718923568726	2.0364866256713867	-2.4653069972991943	0.4003329575061798	-0.7146831750869751	0.8013385534286499	-1.7572076320648193	0.4523715674877167	-0.9954232573509216	0.3064018785953522	-0.09381673485040665	-0.3237714469432831	-2.1719484329223633	0.14454036951065063	-0.11606289446353912	-1.6471737623214722	-1.7140393257141113	1.21041738986969	0.21703365445137024	-1.412575364112854	0.18959730863571167	1.2298939228057861	-0.4430631697177887	-0.6227172017097473	-0.6743161082267761	0.9541104435920715	0.5119728446006775	-1.226760983467102	-1.0875370502471924	0.4798935055732727	-1.145994782447815	1.9676628112792969	-0.7417454719543457	1.000649094581604	0.9957666397094727	1.0812640190124512	-1.773156762123108	0.6584709882736206	0.7306399941444397	-0.30363091826438904	1.2068397998809814	0.9410737752914429	-0.02876473218202591	0.2728467285633087	-0.35373032093048096	0.5204318761825562	-0.8506518006324768	-0.6959460377693176	-0.41365718841552734	0.4655178189277649
0.9816508293151855	0.7708626389503479	-1.0063035488128662	-0.15311051905155182	-0.820080578327179	0.8200381398200989	-0.13453693687915802	-0.07857497036457062	-0.6024227738380432	0.6730300188064575	0.9261305928230286	-0.08154360204935074	-1.0560529232025146	-0.5948701500892639	-0.8465662598609924	-0.8543410897254944	-2.188308000564575	0.6101641058921814	0.3996976912021637	0.6053776741027832	0.9791200757026672	1.8437622785568237	-0.6865860819816589	2.036827325820923	-0.7245452404022217	-2.0404722690582275	0.5080685615539551	0.24446997046470642	0.630305290222168	-1.5567303895950317	1.1058592796325684	-2.061321496963501	2.5773324966430664	1.6367450952529907	-0.6829703450202942	1.115912914276123	-1.4238895177841187	1.5715854167938232	-1.1835435628890991	-1.8783886432647705	-0.6970188617706299	0.7611185908317566	-0.22530369460582733	0.7448170185089111	-0.8171736598014832	0.2238568812608719	1.9396886825561523	2.340070962905884	-0.25753283500671387	0.013253041543066502	0.4305136799812317	-0.18179382383823395	-1.1982942819595337	0.29134294390678406	-0.7325628995895386	-0.34078526496887207	-1.1012871265411377	-1.7122377157211304	1.0991246700286865	0.6155331134796143	-0.561333417892456	0.09765921533107758	-1.7686078548431396	-1.0831910371780396	-0.5310882329940796	0.791040301322937	-1.1198816299438477	-1.27882981300354	-0.1460360735654831	0.8600465059280396	-0.13515591621398926	1.4437810182571411	0.8627100586891174	-0.3240937292575836	1.070847749710083	-0.37827757000923157	-0.81806880235672	1.156460165977478	0.22322674095630646	-0.9410659670829773	0.061393484473228455	1.176922082901001	-0.25816285610198975	-0.5761361718177795	-1.8715847730636597	0.6831214427947998	-0.005078242160379887	-1.230089783668518	-0.728609561920166	-0.31272077560424805	0.7350647449493408	-0.5987423062324524	-0.5280880331993103	-0.15984995663166046	-0.9336984753608704	1.7305108308792114	0.9787303805351257	0.2547040283679962	0.34519171714782715	0.1896907538175583	0.0649937242269516	0.5689535737037659	0.4898059666156769	1.283467173576355	0.42203912138938904	1.4158366918563843	0.49343085289001465	1.3320305347442627	-1.4767802953720093	-2.680030345916748	2.1021103858947754	-1.2310991287231445	-0.08215146511793137	0.8315945267677307	0.020829780027270317	-1.5670170783996582	-0.05155009403824806	0.746971607208252	1.5108526945114136	-0.5734413862228394	0.7751734256744385	1.0637654066085815	0.3848978579044342	-0.6533694863319397	-0.8383671641349792	-1.620812177658081	0.7910891175270081	1.207216501235962
-1.1161870956420898	0.2921746075153351	-1.6826610565185547	-0.5151857733726501	2.1543734073638916	-0.8252162933349609	0.28606733679771423	1.3097755908966064	-1.7975627183914185	-1.443302035331726	0.6119912266731262	-0.7587611079216003	0.3358921408653259	-1.927638292312622	0.7435874342918396	-1.5266388654708862	-0.7458941340446472	-0.4308362901210785	-1.8006948232650757	0.6931098699569702	0.3682847023010254	0.7430006265640259	-0.4927411675453186	-1.0702530145645142	1.7675701379776	-0.9364506006240845	-0.04917542636394501	-0.08202347904443741	0.7428175210952759	-0.16741062700748444	0.7288048267364502	-1.5310006141662598	1.4673875570297241	-0.5796435475349426	0.09638591855764389	0.3635072112083435	-0.15476445853710175	-0.8407045006752014	0.8395167589187622	1.274117350578308	0.13869662582874298	-0.2667281925678253	-0.01546744629740715	2.0989813804626465	0.7898685336112976	0.1709810346364975	-0.01344110257923603	-1.048471450805664	0.19047579169273376	3.231764316558838	0.8271306753158569	0.8395483493804932	1.2453813552856445	1.53781259059906	1.299495816230774	-0.4926096200942993	-1.809659719467163	-1.453111171722412	-0.8714865446090698	-1.1836026906967163	1.7752974033355713	-0.4994531273841858	-0.33630356192588806	0.3944613039493561	-1.112219214439392	1.2774043083190918	0.6684032678604126	-0.9115810394287109	-1.3947107791900635	0.9130187034606934	-0.9535902738571167	1.1356210708618164	-1.5092391967773438	-0.6163890361785889	0.0076621826738119125	1.0465080738067627	-1.0592716932296753	-0.9637699127197266	1.9355870485305786	1.107323408126831	1.862045168876648	0.5513469576835632	-0.1577874720096588	0.18847106397151947	0.8670558333396912	0.20737603306770325	-2.03413987159729	-0.6604145765304565	-0.8748815655708313	-1.2122430801391602	-1.0217180252075195	-0.34458377957344055	-0.4972864091396332	0.4804919958114624	-0.5824068784713745	0.8125235438346863	0.7725146412849426	-0.391171395778656	0.8191953301429749	0.4263659417629242	0.19147628545761108	-0.305742084980011	-0.8820219039916992	-0.8392536640167236	-0.8946261405944824	0.5834675431251526	0.23467174172401428	-0.7359779477119446	-0.8425037860870361	1.5113580226898193	-0.042146336287260056	-0.25068598985671997	0.27675092220306396	0.6764084100723267	0.9963926076889038	-0.15584614872932434	1.4656556844711304	-0.6026620864868164	-0.7071017622947693	-0.16308340430259705	0.9987106323242188	-0.14110764861106873	-1.1025835275650024	-0.7773503065109253	-1.1620762348175049	0.5635704398155212	0.9281554818153381	0.4931309223175049
-1.4055399894714355	-0.020918596535921097	-0.4720134437084198	0.390287309885025	-0.9750349521636963	0.3317761719226837	0.03936997428536415	0.39011961221694946	1.2704570293426514	-0.20542418956756592	0.19919554889202118	-0.03954501077532768	0.8447678685188293	0.9539860486984253	-0.273186594247818	0.31622904539108276	0.7387955784797668	-0.0032452652230858803	2.2218916416168213	-2.83840012550354	1.4360895156860352	0.2519971430301666	-0.26178058981895447	0.5578420162200928	0.4689065217971802	-0.4100797176361084	0.15899129211902618	0.29398396611213684	0.4101581275463104	0.03918037563562393	0.05493075028061867	1.1648541688919067	-1.3089367151260376	-0.2268049716949463	-0.5766163468360901	-0.08978479355573654	-0.2572951912879944	-0.6872426271438599	1.2269912958145142	0.17321571707725525	0.4975568950176239	-1.0222750902175903	-0.07058782130479813	0.5850744843482971	0.5184831619262695	0.6779915690422058	-0.46430543065071106	-1.6576415300369263	0.32192346453666687	0.15329140424728394	-0.11984137445688248	1.2672122716903687	0.9722297787666321	0.26037606596946716	-1.366580843925476	0.47357723116874695	1.2075481414794922	-0.009704725816845894	0.33477285504341125	-0.7129628658294678	-0.45303621888160706	-0.1397208720445633	0.9518351554870605	-1.4429419040679932	1.0394686460494995	-0.30205726623535156	0.5511161088943481	0.9452178478240967	1.9055826663970947	0.8607852458953857	-0.20949453115463257	0.663611650466919	-1.762138843536377	0.01766754314303398	-0.5814517140388489	2.303311347961426	-2.915785789489746	0.5128719210624695	0.4836515486240387	1.9211989641189575	1.238943338394165	-0.06154351308941841	-0.07034066319465637	-0.5845084190368652	1.8345261812210083	-2.0631539821624756	1.352221131324768	1.6157037019729614	-0.17104047536849976	1.9378650188446045	0.32758235931396484	-1.9547882080078125	2.87345814704895	0.0756220668554306	-0.06131670996546745	0.05221464857459068	0.5809295773506165	0.525659441947937	0.6234509944915771	-0.703078031539917	1.0588459968566895	0.5278748869895935	0.3002265989780426	-0.773571789264679	2.2272696495056152	0.3287302553653717	-1.5375399589538574	0.8449699878692627	-0.6296886801719666	-0.5830197334289551	1.048584222793579	0.8152490854263306	-0.8411911129951477	0.9383641481399536	-0.5199831128120422	0.24383531510829926	0.46987712383270264	2.2357699871063232	-0.2460651993751526	1.2424002885818481	-2.0135021209716797	-0.01595061644911766	-0.8855069875717163	0.4854552745819092	-1.2094271183013916	-0.13454976677894592	-0.7590897679328918	-0.6717947125434875
0.38023728132247925	-0.7697058320045471	0.4249119460582733	-0.3323122262954712	-2.0309200286865234	0.12990429997444153	0.037931058555841446	-1.901006817817688	0.1560276597738266	-0.2873506247997284	0.48456984758377075	0.7792131900787354	-1.1359906196594238	0.12507623434066772	-0.6611535549163818	0.90937340259552	-0.203213632106781	-1.8442418575286865	0.6521754860877991	1.0882527828216553	-1.5085738897323608	1.0871351957321167	-0.7440185546875	-0.32548975944519043	-0.5370917916297913	-0.2771482467651367	0.1648654341697693	-0.008721992373466492	0.8483709096908569	1.3544135093688965	-1.1088087558746338	-0.32157251238822937	-0.3563078045845032	-0.8057824373245239	-1.3029571771621704	-0.7864789366722107	1.0438576936721802	1.0092904567718506	-1.1107796430587769	-1.3726274967193604	-0.12328533083200455	-0.38140666484832764	-0.3030692934989929	2.4085536003112793	0.5410603284835815	-1.3594086170196533	-0.18965387344360352	1.2196335792541504	-0.26561349630355835	0.3205257058143616	-0.6259840726852417	-1.442870020866394	0.5547696352005005	0.6202046871185303	-0.048915259540081024	-0.09892382472753525	-1.0068591833114624	-0.30883485078811646	-0.5831175446510315	1.7475700378417969	0.728751540184021	-0.17293448746204376	0.14479757845401764	-0.6433250308036804	1.0997639894485474	0.7459374070167542	-1.1706961393356323	0.11013495922088623	1.2690237760543823	1.2640020847320557	-1.0036232471466064	-0.3587701916694641	-1.3504115343093872	0.35982608795166016	-0.15090228617191315	0.005212637595832348	-0.2673098146915436	0.9437763094902039	-1.559062123298645	-1.5405515432357788	1.5033067464828491	-1.260664701461792	-0.8534595370292664	0.7367938756942749	-0.4927152395248413	-0.6412081122398376	-1.285535216331482	0.14501264691352844	-1.6473853588104248	0.47126859426498413	0.7350751161575317	-1.068066954612732	0.058712661266326904	0.749605655670166	-2.257387161254883	1.546911597251892	0.5491745471954346	0.6754568815231323	0.5461519956588745	1.0801454782485962	1.6704528331756592	1.634750247001648	-0.3287617862224579	-0.5124208927154541	-0.5685811638832092	-0.0216828640550375	0.6725842356681824	-0.7445939779281616	0.499759316444397	1.10936439037323	-0.6415248513221741	1.2412450313568115	0.3895086944103241	1.0479912757873535	-0.28056806325912476	-1.3043380975723267	-0.14407357573509216	-2.271146297454834	0.27133050560951233	-0.4593108296394348	1.005160927772522	0.052039649337530136	1.123895287513733	-0.048186045140028	-0.5429067015647888	0.6938988566398621	-1.2619489431381226	0.5791765451431274
0.6402859091758728	0.0836801752448082	-0.4564981460571289	0.41750848293304443	-0.11685091257095337	-0.7989787459373474	-0.9971961975097656	0.10895802825689316	-0.7386026382446289	0.8444413542747498	1.1302810907363892	0.03829067945480347	0.0009739779052324593	-0.6245409250259399	-1.0899125337600708	0.15652722120285034	1.9691052436828613	0.5972031950950623	2.8350632190704346	-1.3154410123825073	0.23147842288017273	-2.7793796062469482	0.15345746278762817	-1.8198461532592773	-3.249933958053589	-0.4788780212402344	0.24612104892730713	-1.018837571144104	0.9873335957527161	-0.7913798093795776	-0.20915357768535614	0.6218523383140564	-0.40988680720329285	0.33470821380615234	-1.5581412315368652	0.5973227024078369	-0.33283257484436035	-1.3619192838668823	0.8214471936225891	3.0859415531158447	-1.9240728616714478	-1.202682614326477	0.8350697159767151	-0.8689182996749878	0.250021368265152	0.7264251708984375	0.003251440357416868	0.8936210870742798	1.0390393733978271	-0.4081641435623169	-0.24251845479011536	0.26120275259017944	0.6289235949516296	-0.6350992321968079	0.2464948445558548	-0.7071789503097534	-1.6386946439743042	-1.4110580682754517	3.5476419925689697	-0.42727723717689514	-1.3359447717666626	2.0267863273620605	1.43880295753479	0.5971338748931885	0.2003367394208908	-0.25065213441848755	-1.5619029998779297	-0.20025238394737244	-0.35039836168289185	-0.050183169543743134	-0.6787312030792236	-2.0160269737243652	-0.15414628386497498	-1.097881555557251	-0.9317687153816223	0.9609280228614807	0.4546470046043396	-0.383679062128067	1.9592454433441162	-1.0994486808776855	0.8582730889320374	0.27106577157974243	-0.4061613380908966	0.5621858239173889	1.1241780519485474	0.5912836790084839	-0.9190442562103271	0.3956199884414673	-2.055244207382202	0.9491597414016724	0.3180217742919922	1.2576874494552612	0.3668946921825409	1.0344065427780151	1.0031216144561768	-0.05452195182442665	1.1672601699829102	-0.5624780654907227	0.6724538207054138	-0.24902844429016113	-1.2323285341262817	0.7149844765663147	0.5659370422363281	-0.507064938545227	0.8717039227485657	-1.5794986486434937	-0.7842152714729309	0.9758265018463135	1.7408286333084106	0.7269085049629211	-0.5961835384368896	0.5082326531410217	-0.542824387550354	0.08381979167461395	1.4751567840576172	1.7241840362548828	0.13769851624965668	-1.0254050493240356	-0.7902894020080566	1.0970383882522583	1.6828473806381226	0.5126146078109741	0.3702286183834076	-0.07470299303531647	-0.5776612758636475	-0.3248583674430847	0.11817332357168198	-0.0467049814760685
-1.2941186428070068	0.8650493621826172	0.5029846429824829	-0.29209622740745544	-0.10326837003231049	-0.1524464339017868	-1.0479196310043335	-1.238447904586792	-1.1215623617172241	-0.1548963487148285	1.099958896636963	-0.697961688041687	0.8099244236946106	0.32888171076774597	0.09860632568597794	1.4153907299041748	1.091589331626892	0.5318568348884583	-0.006370200775563717	0.19668424129486084	-0.2636083960533142	0.21126790344715118	-1.6833000183105469	-0.2988671064376831	-0.8221896290779114	-0.76621413230896	-0.5194269418716431	0.7322272658348083	-0.41652947664260864	0.4626856744289398	-0.4106194078922272	0.808012068271637	-0.8654256463050842	-0.533682107925415	-0.5566207766532898	-0.9529251456260681	0.14302615821361542	-0.7297359704971313	-1.5653835535049438	-0.7727763652801514	-0.07472792267799377	0.6822916269302368	0.687990128993988	-0.27127647399902344	1.015884280204773	-1.4183268547058105	0.13559937477111816	-0.8391901254653931	0.5350351333618164	-0.15945737063884735	-1.1856441497802734	1.8164095878601074	0.006694357376545668	-0.5885178446769714	1.7404969930648804	-1.0697813034057617	-0.022140253335237503	-0.6747323274612427	-1.1763862371444702	0.7919180393218994	-0.472362220287323	-0.7875092029571533	2.2281928062438965	0.2379809319972992	-0.08330036699771881	-0.22299237549304962	-1.8679604530334473	-0.9711530804634094	-0.20473575592041016	-0.8616122007369995	-1.4725638628005981	-0.5846452116966248	-1.7630208730697632	0.7031422257423401	-0.2581113576889038	0.22636733949184418	1.8630518913269043	-0.5204256176948547	0.6847556829452515	-0.8613660335540771	1.385311484336853	0.7414416670799255	-0.47608113288879395	-0.8516554832458496	-1.5294445753097534	-0.801798403263092	-0.09294582158327103	-0.8717590570449829	0.05611390620470047	0.24177999794483185	-0.4242995083332062	-0.5362633466720581	-0.7449182868003845	0.5841704607009888	0.9595361948013306	-1.2691680192947388	0.8920536041259766	0.8076019287109375	-0.32669690251350403	-0.11642961949110031	0.11946838349103928	-2.0557749271392822	-0.41483989357948303	-1.249613881111145	-2.4372057914733887	-1.4050906896591187	2.115262269973755	2.0048580169677734	-1.0510528087615967	-0.2985506057739258	1.4348567724227905	-0.7553520798683167	-1.7481845617294312	-0.017411911860108376	-1.1475248336791992	-1.5519496202468872	-1.3340305089950562	-0.28250324726104736	-2.6949422359466553	-0.11296301335096359	0.24275900423526764	0.4888560473918915	1.1213021278381348	-1.3360810279846191	0.12789765000343323	0.9148409962654114	0.14483802020549774	0.4685496389865875
-0.858352541923523	-0.21346315741539001	-0.11221043020486832	0.1147800013422966	-2.322821617126465	0.41973742842674255	-1.0565125942230225	1.0446418523788452	-0.9337021112442017	1.0081510543823242	-1.3165631294250488	1.0493937730789185	0.02159876748919487	0.007457153405994177	-0.15292418003082275	0.44178152084350586	-0.4554465413093567	0.0776134729385376	-0.1892872154712677	-0.6430561542510986	-0.9209113121032715	0.37405475974082947	-2.5441322326660156	-1.4335373640060425	1.7330669164657593	-0.6705235242843628	-0.3688541650772095	0.3153652846813202	1.7406067848205566	-0.5983502864837646	0.9166293144226074	0.5881043076515198	-1.622186541557312	-1.6210973262786865	1.1276034116744995	1.5635716915130615	0.842178463935852	2.6310720443725586	0.07157091051340103	-0.6830334663391113	-1.2118111848831177	0.39030921459198	-0.10060253739356995	-0.4828607738018036	-0.9332187175750732	-0.04457195848226547	-0.0034780444111675024	0.3078725337982178	-1.4408284425735474	1.0992392301559448	0.48984143137931824	1.6392360925674438	-0.3055560290813446	-0.2293737232685089	1.1882433891296387	-0.9534212946891785	0.7030591368675232	0.5558799505233765	1.5055577754974365	-1.32929265499115	-1.4748929738998413	0.15376730263233185	0.1699124127626419	0.3517391085624695	0.03785918280482292	0.33491653203964233	0.46251583099365234	-1.3298416137695312	0.10843367129564285	-1.242334246635437	0.10454204678535461	1.8292558193206787	0.3491280972957611	0.07475557923316956	-0.6062977313995361	-0.016998888924717903	0.22208692133426666	-0.41631650924682617	-0.3812033236026764	1.3193821907043457	-0.5486613512039185	1.7877695560455322	-0.18247050046920776	0.4211075007915497	-0.036974597722291946	0.6567307710647583	-0.17569464445114136	-0.3713403344154358	0.6125696897506714	1.701424479484558	-0.025322290137410164	-1.9248156547546387	-0.6201879382133484	0.02952529862523079	-0.1312880665063858	-0.12415961921215057	-1.6310911178588867	0.6368323564529419	0.44687211513519287	0.9369618892669678	1.6481075286865234	-1.322162389755249	0.004797440022230148	0.4749275743961334	0.20230594277381897	-0.17107343673706055	0.7296359539031982	-0.8111670613288879	0.27429813146591187	0.780359148979187	0.530356764793396	0.875465452671051	-2.908698797225952	-0.24191251397132874	-0.22610127925872803	0.3875189423561096	0.030999695882201195	-1.3744480609893799	1.1019245386123657	-1.821334958076477	0.29965442419052124	0.7287976145744324	-1.0872524976730347	0.9188144207000732	1.5997116565704346	-0.1058499664068222	1.3835716247558594	-0.9783104658126831
0.2567903399467468	-0.5018487572669983	-0.3847760558128357	-0.3006940484046936	0.9820412993431091	-0.903290867805481	0.28224191069602966	0.513731062412262	0.6920468211174011	-0.7270649075508118	0.6414008736610413	-0.4829653203487396	-0.7624179124832153	0.41842877864837646	0.46793729066848755	0.6001304984092712	0.9730674028396606	0.7494117617607117	0.6272752285003662	0.5246708393096924	-0.03507614508271217	1.3868175745010376	0.6193442940711975	-1.2137402296066284	0.8888165354728699	1.0618109703063965	0.15470899641513824	0.27022621035575867	-0.2203831672668457	0.5474956631660461	-0.852946400642395	-1.852040410041809	-0.6321320533752441	-1.442926287651062	-0.27694594860076904	-0.42296335101127625	0.07179412245750427	0.10570403188467026	-0.7877675294876099	-0.7579283118247986	-1.1980040073394775	0.05018894746899605	1.384778380393982	-1.1242200136184692	-0.09954501688480377	0.07026506215333939	-0.974539041519165	0.9194703102111816	0.6432273983955383	0.7480395436286926	0.8096551299095154	1.3338806629180908	0.5781546831130981	-0.5621317625045776	1.6431316137313843	-1.1439793109893799	0.2728818655014038	-0.5935133099555969	0.5385222434997559	1.0444514751434326	-0.7838544249534607	-0.5254136919975281	1.6408390998840332	0.011755663901567459	-2.713637590408325	-0.5816276669502258	-0.220818892121315	-1.0095547437667847	-1.8797591924667358	1.0448676347732544	-0.5016059875488281	-0.6161304116249084	0.962498128414154	-1.327178716659546	-0.8715987801551819	-2.1264524459838867	-0.35080063343048096	0.009273514151573181	-0.49320119619369507	0.6661538481712341	-0.8388081192970276	0.2954850196838379	0.0876622125506401	-2.131890296936035	-1.5407845973968506	0.0931842178106308	0.506188154220581	-0.5736462473869324	0.031015506014227867	0.02586163952946663	-1.2614836692810059	-0.35367733240127563	2.193185329437256	-0.2262313961982727	-0.055467117577791214	-0.527009129524231	0.2701210677623749	2.65809965133667	-1.6742324829101562	0.15158818662166595	-0.09810764342546463	0.360636830329895	0.2803504168987274	0.9648361802101135	-0.4146302044391632	0.42223605513572693	-0.20716874301433563	-0.45576247572898865	0.6700578331947327	0.03219003230333328	-1.1695239543914795	-0.253112256526947	-0.9089398384094238	1.0480655431747437	0.19174931943416595	-1.4606367349624634	-0.37948310375213623	0.42326223850250244	-1.1661632061004639	1.030681848526001	0.521111786365509	-0.815698504447937	0.08159235864877701	-1.0404821634292603	1.173036813735962	0.7652904391288757	0.7018595933914185	-0.2598731815814972
0.38694873452186584	-0.27990663051605225	0.10268128663301468	0.8099503517150879	0.10984078049659729	0.7865421772003174	-1.1411770582199097	1.0782889127731323	-0.10189996659755707	-0.11041602492332458	0.1129644438624382	-0.10313902795314789	0.3674681782722473	0.5182327628135681	-0.9805070757865906	0.42813047766685486	-0.05325429514050484	1.8824888467788696	-0.457435667514801	-1.300031304359436	-0.11093007773160934	1.8157750368118286	0.6677223443984985	-0.2929002344608307	2.385795831680298	-1.378139853477478	0.08046714961528778	0.9834115505218506	-0.15164226293563843	2.3308682441711426	0.4222428798675537	-0.06612081080675125	-1.638735294342041	1.385939598083496	-0.11084636300802231	-0.6191080808639526	-1.2678284645080566	0.5382024645805359	0.7117971181869507	0.8940632343292236	-0.4704671800136566	0.9230791330337524	0.5294025540351868	0.2945033013820648	0.9369213581085205	-0.4252234399318695	-0.80177241563797	-0.776866614818573	1.338575839996338	-1.0400770902633667	0.3759387731552124	-0.06439625471830368	1.632352352142334	-1.9726182222366333	-1.3077833652496338	-0.21659891307353973	1.7910577058792114	0.7170360684394836	0.6793330311775208	-0.17775890231132507	-0.778373658657074	-0.20810796320438385	0.7677270174026489	0.12454576045274734	-0.01631375029683113	-0.5751257538795471	-0.8724117875099182	2.2297568321228027	0.5225622057914734	0.5039507746696472	1.1603107452392578	-4.023200511932373	-0.5869750380516052	0.944883406162262	1.7390248775482178	-0.6312190890312195	-1.3886725902557373	-1.032440423965454	-0.6322957277297974	-0.39345815777778625	0.023327087983489037	0.7185779809951782	-1.708682894706726	-1.2093720436096191	0.15671458840370178	1.27757728099823	-1.1112984418869019	-0.24276602268218994	-0.35580700635910034	2.385904550552368	0.09812355786561966	0.959623396396637	-2.9765400886535645	3.3335602283477783	1.521086573600769	-0.24075961112976074	0.8228682279586792	0.3217237591743469	1.331396460533142	-1.0053311586380005	2.6535325050354004	0.8567118644714355	-0.7755085229873657	-0.08205849677324295	0.27830809354782104	-0.7642744183540344	-0.2982042133808136	1.335422396659851	0.04063630476593971	1.077093243598938	0.3404511511325836	1.349563717842102	-1.0397049188613892	1.0081794261932373	0.9078941345214844	0.19931870698928833	-0.17942313849925995	-0.7545879483222961	-1.0907154083251953	0.27982836961746216	-1.481022834777832	-0.7931287884712219	-0.8559486865997314	-0.1730908304452896	-0.5292892456054688	0.502250075340271	0.3289007842540741	-1.068297028541565
-0.07635115832090378	0.2933572828769684	0.7082458138465881	0.5656284093856812	0.8859685659408569	0.4148901700973511	0.7142585515975952	-1.097843885421753	1.0024138689041138	-1.7530592679977417	0.3979884386062622	2.27864408493042	-0.36225688457489014	-0.0814719945192337	-0.722318708896637	0.6576964855194092	-0.9516105055809021	1.2123805284500122	1.2178598642349243	-0.022091511636972427	1.7470647096633911	-0.8318570256233215	0.9996151328086853	0.35275155305862427	1.5308812856674194	-0.017014626413583755	1.7843021154403687	-0.49445170164108276	-0.24588562548160553	-1.4149476289749146	0.9283850193023682	-0.3873178958892822	-0.5276726484298706	0.3296087980270386	0.8922582268714905	1.322241187095642	-0.6426731944084167	-0.1446049064397812	-1.9704469442367554	1.0007833242416382	0.1291726678609848	-0.8266072869300842	0.593284010887146	0.3420794904232025	-0.19731110334396362	0.7189297080039978	0.054454024881124496	0.06954941153526306	1.7122588157653809	-0.6585866212844849	1.879335880279541	-1.3745816946029663	0.8422221541404724	1.1095314025878906	0.7122330069541931	-0.35663482546806335	-0.5188886523246765	-0.2552989721298218	-0.7981473207473755	-0.600460410118103	-0.5902130007743835	-0.45269858837127686	-0.17574632167816162	-0.1818716824054718	0.7429832220077515	-1.6917818784713745	1.2351418733596802	0.5032460689544678	-1.17727530002594	-2.5399110317230225	-0.40921351313591003	-0.51384037733078	-0.4732646942138672	0.5868676900863647	-0.5862210988998413	-0.7569810748100281	-0.8332449197769165	-1.1883878707885742	1.6938754320144653	0.8308651447296143	0.41731247305870056	-0.8915870785713196	-0.748875081539154	-0.7070444226264954	-0.392097145318985	0.4663611352443695	0.34265002608299255	-0.8990313410758972	-0.8107361793518066	0.5061711668968201	0.030670691281557083	0.03625030070543289	2.959116220474243	-0.48919013142585754	-1.3927199840545654	0.5356150269508362	-0.4048660099506378	1.7372194528579712	1.0044516324996948	0.7159537672996521	-1.1025495529174805	-0.24687936902046204	-0.041576772928237915	-0.8839685916900635	0.8342673182487488	-1.631710410118103	1.5349018573760986	0.4549937844276428	0.4386337995529175	0.20808571577072144	0.7565082311630249	-1.762656807899475	1.1619148254394531	0.09334865212440491	0.10713762044906616	1.9430265426635742	0.2021142691373825	-1.045412540435791	0.27353227138519287	-0.23283009231090546	0.4045645296573639	0.8754332065582275	0.460822731256485	1.3574159145355225	-0.24192330241203308	-2.2617738246917725	-0.23062309622764587	-0.13492679595947266
-0.3242681622505188	-0.4959271550178528	0.9680235385894775	-1.346940279006958	0.970960259437561	-0.2543005347251892	0.1492985337972641	-0.698707103729248	-2.5343017578125	-1.6882199048995972	0.893589198589325	0.25358259677886963	0.17566999793052673	-2.9057118892669678	-1.5317208766937256	-0.15188094973564148	-0.795009434223175	0.18608009815216064	2.102107286453247	0.1637205183506012	-0.1951741725206375	-0.35504794120788574	0.5496076941490173	0.7178858518600464	-0.892915666103363	-0.2540544867515564	0.06548527628183365	-1.1458121538162231	-0.9428064823150635	-1.2139071226119995	2.277017116546631	-1.8765522241592407	-1.2656269073486328	-0.935982346534729	0.2782159447669983	-1.0721298456192017	0.08593623340129852	0.08557884395122528	-0.7955422401428223	-1.0300287008285522	0.5577847361564636	0.8801599740982056	-0.17390765249729156	-0.5030736923217773	-1.3658851385116577	0.26428982615470886	0.6061810851097107	-1.3016278743743896	-0.6043124198913574	0.2720917761325836	-0.6670419573783875	1.4109426736831665	-0.9535514116287231	2.1896424293518066	2.1325724124908447	-1.005294680595398	-1.8086265325546265	-0.10566729307174683	1.338820219039917	-0.5794216394424438	-1.795981526374817	0.4617879092693329	-1.326546549797058	0.8104146122932434	1.4227721691131592	-0.7749878168106079	-1.0103554725646973	-0.5972819328308105	-0.4595300853252411	-0.26341181993484497	1.062520980834961	-0.7682988047599792	-0.3049129545688629	0.6479538679122925	-1.0922505855560303	-0.13152065873146057	1.1548815965652466	-1.1181687116622925	0.6264473795890808	1.9573538303375244	-0.4147877097129822	0.08433263003826141	0.8246812224388123	-0.4355566203594208	-1.3445029258728027	-0.031248169019818306	-1.6446468830108643	-0.41797101497650146	-0.010865037329494953	-0.1657114326953888	-0.18419846892356873	0.36688077449798584	-0.6919892430305481	2.076547861099243	1.7281312942504883	-0.441428005695343	-0.10635773092508316	0.004612957593053579	1.5344080924987793	0.7063451409339905	0.7488152980804443	-1.1325105428695679	-0.7240769267082214	0.11490131169557571	-1.5402027368545532	-2.0413601398468018	1.6830037832260132	-1.3922384977340698	-0.34281811118125916	-0.4833826720714569	0.11591944843530655	0.9690020084381104	0.9489623308181763	0.2791057825088501	0.7693424224853516	1.1769129037857056	-0.39611291885375977	-0.7263658046722412	0.20237997174263	-0.34850361943244934	0.7577832937240601	-0.8818379640579224	2.623155117034912	1.0387766361236572	-0.02625948004424572	-0.32987460494041443	-0.18059886991977692	1.5204676389694214
0.9966921210289001	-0.7616094946861267	-0.2739800810813904	0.571803867816925	0.9994280338287354	1.0010545253753662	-1.516671895980835	1.488385796546936	-1.8885486125946045	1.8432589769363403	-1.3117157220840454	-0.6968235969543457	-0.017335640266537666	1.1226316690444946	-0.6298819184303284	1.726804494857788	0.04292944446206093	-1.9464747905731201	-0.29418259859085083	-0.3345821499824524	0.07673024386167526	1.3344534635543823	0.850999653339386	-1.4011105298995972	1.3731344938278198	-0.024756699800491333	-0.1545569896697998	1.5795106887817383	1.8785697221755981	2.3930823802948	-0.07884332537651062	0.2828514575958252	-0.5675146579742432	0.38884085416793823	0.8112547993659973	-0.29118773341178894	1.0909528732299805	1.383314609527588	-0.11922837793827057	1.2546252012252808	-0.0983872041106224	0.5818812251091003	-1.3152694702148438	1.4995148181915283	1.3869726657867432	0.04756845161318779	0.09736739099025726	-1.5818407535552979	0.19903862476348877	-1.6871271133422852	0.5807867646217346	-0.18655776977539062	-1.233971118927002	0.13724075257778168	0.40605998039245605	-0.5830249190330505	-0.07811270654201508	0.9928919672966003	-1.4058668613433838	1.4914710521697998	-1.485912561416626	-0.36818915605545044	-0.5874782800674438	-0.9082567691802979	1.237700343132019	0.8458500504493713	-0.2105766385793686	-1.231406807899475	0.38790881633758545	0.639005720615387	1.4027953147888184	-0.43184179067611694	-0.6055478453636169	-0.2870047092437744	-0.46439599990844727	0.2902010977268219	-0.3686177432537079	-1.7016371488571167	-1.3956233263015747	-0.12456835806369781	0.09113079309463501	-0.6769550442695618	-0.024798033758997917	-1.740810513496399	0.2502434253692627	0.32505905628204346	0.7501142621040344	-0.4542504847049713	1.3793600797653198	0.5250868797302246	-0.34948837757110596	0.7382588386535645	-1.0830436944961548	0.009090758860111237	-1.0159834623336792	0.15406355261802673	0.17195211350917816	-0.030984776094555855	-0.6027264595031738	-0.4744858145713806	-0.20318228006362915	-0.1268254816532135	0.10802073776721954	-0.01981404237449169	-0.5914164781570435	-0.8580583333969116	-0.16904577612876892	-0.9616058468818665	2.2693674564361572	-0.3423745036125183	0.1646776646375656	-0.366266131401062	-0.23162329196929932	-0.4136151373386383	-0.8782907128334045	0.10381104797124863	-1.0661777257919312	0.7517801523208618	-1.33638334274292	-1.5857130289077759	1.2457467317581177	-1.662407398223877	-0.03720288351178169	-0.365183562040329	-0.5896618962287903	-1.1163135766983032	1.0143760442733765	1.1203413009643555
-0.997201144695282	-0.45456627011299133	0.28838732838630676	0.6558963656425476	0.9810954332351685	-0.8736854195594788	1.0604255199432373	-0.28442367911338806	-0.06438560783863068	-0.03885781764984131	-1.4298691749572754	1.6000196933746338	-1.135746955871582	0.11976324021816254	0.21718986332416534	1.009795904159546	-1.0791527032852173	-1.0678330659866333	1.8282724618911743	1.4976913928985596	-1.6598527431488037	-0.3244306445121765	-0.03453249856829643	0.2772592306137085	-0.4667243957519531	0.1546163707971573	-0.3023719787597656	1.9284695386886597	-0.6525365710258484	-1.1579232215881348	0.9357035160064697	0.777428388595581	1.0654616355895996	0.47439536452293396	-0.16453206539154053	-0.22481900453567505	-0.32677099108695984	-0.7741333842277527	-0.8629980087280273	0.9135773181915283	0.5932634472846985	0.3122400641441345	-0.060675546526908875	0.8722056150436401	-1.0588034391403198	1.3978421688079834	-1.4094030857086182	0.29197418689727783	-2.6369240283966064	0.10745859891176224	-3.4220125675201416	0.4056342840194702	0.9771291613578796	-0.827130913734436	1.1370025873184204	0.04940743371844292	0.7402477264404297	0.11594187468290329	-0.7311304211616516	-0.9391288161277771	1.536730408668518	0.6789859533309937	-0.4755462110042572	0.40254801511764526	0.7235003709793091	-0.3996609151363373	-0.7551763653755188	1.603316307067871	-0.5679900050163269	-0.41359850764274597	0.9155080914497375	1.2609118223190308	-1.738303303718567	1.2539658546447754	-0.5303150415420532	-0.011762848123908043	-0.2111482471227646	-0.26848939061164856	0.8409718871116638	-0.3577677309513092	0.36058446764945984	-2.2583463191986084	-1.2814955711364746	-0.46751314401626587	-0.19570934772491455	-0.15054258704185486	0.09036049991846085	0.251194566488266	-0.3080768287181854	-1.141439437866211	-0.21232785284519196	-1.323030710220337	-0.13230594992637634	0.2774558365345001	0.9786547422409058	-0.9013758897781372	0.036853596568107605	-0.33519020676612854	0.6900622248649597	0.305775910615921	1.175263524055481	0.7672075033187866	-0.05024579167366028	-1.6688311100006104	0.45728132128715515	-0.2569543719291687	0.15927152335643768	-0.886547327041626	-2.2221035957336426	-0.22249728441238403	0.19032329320907593	1.0170878171920776	-0.10414735227823257	0.49791219830513	0.11270570009946823	0.0036830329336225986	-0.5495249629020691	-0.8522574305534363	-0.06735594570636749	0.49980342388153076	0.9032424092292786	-0.22642570734024048	1.1730804443359375	1.1983036994934082	0.18857800960540771	0.6803593039512634	-0.1021001935005188	1.0562235116958618
1.1101912260055542	0.46573346853256226	-1.4735350608825684	1.168195128440857	0.7341790199279785	1.3892284631729126	-0.25298842787742615	-1.8072012662887573	1.0779361724853516	-0.5221014022827148	-0.3685854971408844	1.6641595363616943	0.39225929975509644	0.3004630208015442	-0.07056421041488647	-0.8107877373695374	-1.6378777027130127	-1.2605770826339722	-0.04992448538541794	0.17466497421264648	2.5374841690063477	-0.9311214685440063	0.2222580909729004	0.8038510084152222	-0.3952091336250305	0.3302445113658905	-2.278927803039551	-1.235226035118103	-1.2865866422653198	1.3612244129180908	1.1625902652740479	0.5783573985099792	-0.8570046424865723	0.4010009467601776	-0.3805883228778839	0.7096186876296997	0.6337416172027588	-1.2550891637802124	-0.49714624881744385	0.27563220262527466	0.6459845900535583	0.2598229944705963	0.00048415205674245954	-1.090511441230774	0.42315781116485596	-0.8880253434181213	-0.2204361855983734	0.006686342880129814	0.519957423210144	-1.6737957000732422	-2.644111394882202	1.3339183330535889	0.27840837836265564	-0.6406844854354858	0.4758773744106293	0.2348000407218933	0.07583369314670563	-0.2606741487979889	0.34106990694999695	-0.86165452003479	-0.9788411259651184	0.20716531574726105	0.18168342113494873	0.26178446412086487	0.5956159830093384	1.114222764968872	-0.8302110433578491	1.3592510223388672	0.5855451822280884	0.27049916982650757	0.007755965460091829	-1.1086729764938354	-0.42613741755485535	-0.813971757888794	-0.6821752190589905	-1.2233880758285522	0.9764918684959412	1.3061461448669434	1.3677014112472534	-0.6476457118988037	-1.0922235250473022	0.26776036620140076	-0.3874872326850891	-0.16050347685813904	0.3978012800216675	-0.2353101521730423	1.0442620515823364	-0.2456246316432953	0.7551698684692383	-0.9980466365814209	-0.45947620272636414	0.1367586851119995	2.7241156101226807	-0.11690323799848557	-0.3553486168384552	1.4205400943756104	0.4177325367927551	-1.4476693868637085	-0.2876097857952118	0.8724192380905151	-0.16231703758239746	-1.107915997505188	-0.362222820520401	-0.7723060250282288	-0.26288291811943054	0.5942285656929016	-1.228676438331604	-0.5283898711204529	-0.7845450639724731	0.8324156999588013	0.22158201038837433	0.7516016960144043	0.2872026562690735	-0.5867421627044678	1.3901865482330322	-1.6446949243545532	-0.19524943828582764	0.27073824405670166	-0.9860999584197998	-0.9399821162223816	0.48745280504226685	0.8893306851387024	-0.8491297960281372	1.0313540697097778	0.400531530380249	1.3005317449569702	-0.6781746745109558	2.491760015487671
2.5037214756011963	-0.8255706429481506	0.8177343606948853	-1.1009100675582886	0.020681118592619896	-0.0531170479953289	0.937324583530426	0.07679968327283859	0.6470252871513367	1.1071048974990845	1.200060486793518	-0.8980242609977722	-0.4141582250595093	-0.5218455791473389	0.8719550371170044	0.6217404007911682	1.236066222190857	0.2835094630718231	-1.9520071744918823	0.19713330268859863	-0.8521097302436829	1.9345948696136475	-0.38421064615249634	-1.195560336112976	0.7218466401100159	-2.0803675651550293	1.5055192708969116	1.4600353240966797	0.09768269211053848	0.8657352924346924	-2.060271739959717	-0.3271411657333374	-0.4630736708641052	-1.3612982034683228	0.7162909507751465	-0.9567316174507141	0.3908793330192566	-1.7732971906661987	-0.727918267250061	-0.9396073818206787	0.8849323391914368	-0.9654579758644104	1.6874663829803467	1.0214171409606934	0.04463977366685867	-1.1134053468704224	-0.2732045650482178	0.34552979469299316	-0.48423272371292114	0.3329983651638031	-0.6947916746139526	-1.0243818759918213	0.06115259975194931	0.48572564125061035	-1.762086033821106	-0.007715526502579451	-0.16998520493507385	0.2136479765176773	-0.2740739583969116	-0.9766378998756409	1.0138932466506958	-2.4469246864318848	0.8629747033119202	0.8034791350364685	-0.9338255524635315	-1.9256267547607422	-0.3581303358078003	0.6248412132263184	1.1964784860610962	-1.913294792175293	3.2628800868988037	-0.36723819375038147	0.7137140035629272	-0.2724675238132477	0.5503298044204712	-0.6793042421340942	-1.6512620449066162	-1.8120969533920288	-0.870487630367279	1.1014721393585205	0.21310997009277344	-1.5931061506271362	1.6466093063354492	3.480254888534546	0.7791604995727539	0.9349727630615234	0.26911672949790955	0.8121045231819153	-0.2454092800617218	-0.11977455765008926	2.0732767581939697	1.3572702407836914	-0.8047245740890503	-0.075373075902462	0.3303738236427307	0.9242077469825745	-0.5673365592956543	0.08295381814241409	-0.19389690458774567	0.18717056512832642	-1.6526155471801758	-1.3720996379852295	-0.07768043875694275	-1.4168137311935425	-0.11945383995771408	2.3103158473968506	-1.2800440788269043	-1.178935170173645	-0.8717814087867737	-0.9062482714653015	1.2554775476455688	0.11691209673881531	-0.05076226964592934	-1.427683711051941	-0.8919632434844971	0.38764461874961853	0.6868063807487488	0.5320643782615662	0.5243120193481445	-0.04867058992385864	1.0303984880447388	1.0674331188201904	-0.6702006459236145	1.4762768745422363	0.0540134459733963	-0.004470855463296175	-0.2110297977924347	1.0555884838104248
0.23868264257907867	0.8639588356018066	-0.36016881465911865	-0.2833826541900635	-0.2508423924446106	-1.5252519845962524	-0.3334798514842987	-0.7110126614570618	-1.779094934463501	-1.2979230880737305	-1.8371801376342773	0.27725672721862793	0.7272081971168518	-1.6221258640289307	0.3173465430736542	-1.5282560586929321	0.6140031218528748	1.0825183391571045	-0.08923856914043427	0.08368335664272308	-0.673655092716217	-0.9821459054946899	-0.6380801796913147	0.19786517322063446	-0.923719048500061	0.424276739358902	-1.2373888492584229	-1.1907775402069092	-0.3534852862358093	0.10927941650152206	0.827109694480896	1.7641783952713013	-0.6264633536338806	-0.5093076229095459	0.5645937323570251	0.20483005046844482	-1.782872200012207	-0.2578663229942322	-0.6675055027008057	-0.7160034775733948	0.28250280022621155	-0.8606820702552795	1.0839556455612183	0.4162321388721466	0.03534393012523651	1.4829541444778442	0.6705820560455322	1.0333902835845947	0.3242245614528656	0.18888108432292938	0.14578349888324738	0.8605467081069946	0.6377299427986145	-1.1636557579040527	0.24441564083099365	0.25243687629699707	-0.13782241940498352	0.48217839002609253	0.7464120984077454	-0.058672793209552765	-1.0812640190124512	0.8154018521308899	-0.9044321179389954	1.7178837060928345	1.3712579011917114	2.6642956733703613	-0.23999637365341187	-0.10650649666786194	1.8714878559112549	-0.2546009123325348	1.070562720298767	-0.26639991998672485	-0.15934385359287262	-0.9889249205589294	0.5593189001083374	-0.27105218172073364	0.01806938648223877	0.6679033637046814	-0.7876855134963989	0.7683756351470947	0.5656143426895142	-0.3181186616420746	0.36933085322380066	-0.12220130860805511	-1.363221526145935	1.4261207580566406	0.1859404742717743	-1.0986870527267456	-0.6891888976097107	2.3415613174438477	0.10885294526815414	-0.46584028005599976	-0.6615901589393616	0.4313967823982239	-2.022343397140503	-1.0574171543121338	-0.2408118098974228	-1.1468615531921387	-0.35427770018577576	0.8579253554344177	-0.5983338952064514	0.3161014914512634	0.3793499767780304	0.8188965320587158	0.1026286780834198	-0.9877073168754578	0.3882083296775818	1.3445007801055908	0.4903477132320404	-0.054189566522836685	0.9851546883583069	0.2445327639579773	2.1253225803375244	1.1606024503707886	-0.08418869972229004	0.6045897603034973	1.2170146703720093	0.6941779255867004	-1.4959237575531006	0.7930136919021606	-0.07424754649400711	0.29871508479118347	-1.2838270664215088	1.186645746231079	-2.0899829864501953	-0.08006389439105988	0.3380012512207031	-0.08812551200389862
-0.9328145980834961	-0.022077981382608414	-0.14947976171970367	-0.45299896597862244	0.6864880919456482	1.9152942895889282	0.8024846315383911	0.9968929886817932	1.3887487649917603	0.028384611010551453	0.24786125123500824	-2.1032326221466064	-1.8266746997833252	0.1021428182721138	1.1179507970809937	-0.6614488363265991	1.1572933197021484	-0.821413516998291	-0.5297481417655945	0.6931329369544983	-0.19912272691726685	0.8011878132820129	-0.9769997596740723	0.9454478621482849	-0.2583860754966736	1.258581519126892	-1.4881395101547241	-0.9248373508453369	-0.7639976739883423	-0.282429575920105	0.8650457859039307	1.697628378868103	-0.5308577418327332	1.1634063720703125	0.9174410104751587	-0.7611539959907532	0.28958040475845337	1.5334362983703613	0.20775194466114044	1.3330271244049072	-0.7424809336662292	1.127000331878662	-0.4426034092903137	-0.7109357118606567	-0.18466073274612427	0.30299612879753113	0.9030054211616516	0.7392171025276184	-0.9195517897605896	-0.4951297342777252	0.8343405723571777	1.623828649520874	0.546389639377594	0.26582396030426025	0.05800027772784233	-1.3239002227783203	1.9857113361358643	-1.109563946723938	1.046729326248169	0.1586800068616867	-0.5792872905731201	1.1473770141601562	-1.0400094985961914	-0.5742921829223633	-0.5264816880226135	0.6977619528770447	-0.10813731700181961	0.8240338563919067	1.0322262048721313	-0.2409476488828659	0.6087759137153625	0.13254567980766296	-0.22859720885753632	-1.4169048070907593	-0.24358431994915009	-1.027072548866272	0.3214872181415558	0.5764225125312805	0.6002965569496155	-0.21277080476284027	1.2291264533996582	-1.1069458723068237	1.229859709739685	-0.31030407547950745	0.14060911536216736	-1.7296007871627808	1.233970046043396	0.3289673328399658	0.14683479070663452	-0.763469398021698	-2.1317033767700195	0.4628552198410034	-0.4982547163963318	2.3460283279418945	-1.2176285982131958	-1.9858711957931519	-0.36941757798194885	-0.23333489894866943	0.22725945711135864	-1.3760533332824707	-0.3816121518611908	-0.2674168348312378	1.2878155708312988	0.4090995490550995	0.5776134133338928	0.17688852548599243	-0.47031646966934204	-0.8603280186653137	1.6445674896240234	0.9617366194725037	-1.3339717388153076	-0.6832695603370667	-1.4394965171813965	-0.99141526222229	-0.5003207921981812	2.5495591163635254	0.12621164321899414	-0.6048721075057983	0.5155620574951172	-0.6438223719596863	0.05603712424635887	0.781973123550415	1.0709927082061768	-0.30222344398498535	-0.6457383036613464	0.8884936571121216	1.2068668603897095	-0.23979702591896057
1.0306978225708008	0.4638238847255707	1.3953382968902588	1.17844557762146	1.0311987400054932	1.816480040550232	2.677614450454712	-1.002876877784729	-0.6124302744865417	0.05147490277886391	-1.7161310911178589	0.5040063858032227	-0.695044219493866	-1.8662503957748413	0.32451707124710083	0.04283065348863602	0.4430427849292755	-1.772626280784607	-1.876485824584961	-0.15324421226978302	1.7221888303756714	-0.41659727692604065	-1.357757568359375	0.6432250142097473	-1.4434478282928467	-1.8606053590774536	-1.525346279144287	-0.5038766860961914	-0.5648426413536072	0.9125020503997803	1.0437688827514648	-1.4824814796447754	-0.042520105838775635	0.8391693830490112	-0.17910665273666382	-1.248402714729309	-0.9499190449714661	1.7141448259353638	1.1980702877044678	1.6463602781295776	0.040314171463251114	-1.2165971994400024	0.15295793116092682	0.8225517272949219	-0.6956793069839478	1.920120120048523	0.758938729763031	0.15552344918251038	-0.5091522932052612	0.15218213200569153	1.9600967168807983	0.790896475315094	0.048406705260276794	0.1587466448545456	-0.6861350536346436	1.9548428058624268	-0.3233098089694977	-1.33357834815979	-0.1575198471546173	-0.1254384070634842	0.343872994184494	1.3101632595062256	0.06149614229798317	2.0114872455596924	0.21928098797798157	-0.10227610915899277	-2.477348804473877	-1.5813554525375366	-0.99086594581604	0.05649156495928764	1.4409233331680298	-1.915055751800537	1.8937205076217651	-0.9223845601081848	2.3093149662017822	-0.48176562786102295	0.3069615662097931	0.9685081839561462	0.9662443399429321	-1.0367027521133423	-0.18029840290546417	-1.0869096517562866	-1.2112396955490112	2.2997801303863525	0.5725207924842834	0.5626628398895264	-0.3095450699329376	-0.7926707863807678	-0.23498773574829102	-0.994472086429596	1.3674540519714355	0.6914061903953552	0.2575820982456207	-0.9526281952857971	-0.6954976916313171	-0.4197607636451721	0.2690003514289856	-0.28569695353507996	-1.9722038507461548	-0.4809138774871826	-0.8985247015953064	-0.7558333873748779	-0.43512532114982605	-1.4212247133255005	1.6686700582504272	-0.28929802775382996	0.5071644186973572	-2.0760278701782227	1.055807113647461	1.435581922531128	-0.39573952555656433	1.1975492238998413	0.6895140409469604	1.8745334148406982	0.3401288390159607	2.153958559036255	1.1092453002929688	-1.045530080795288	0.1982274055480957	0.847935140132904	0.1610296219587326	0.7997313141822815	-0.09478513896465302	1.0896049737930298	-0.32513073086738586	-2.551896810531616	-0.6096605658531189	0.6560614109039307
0.2895449101924896	0.3956567347049713	-0.4369175434112549	0.6300533413887024	0.2566371262073517	-0.5367588996887207	0.10119906812906265	-0.8407502174377441	1.1555315256118774	-0.8208292126655579	0.004073931369930506	-0.23322120308876038	-0.5093188881874084	1.2827352285385132	0.9181106686592102	-0.29410505294799805	-0.4924861490726471	0.9051721096038818	-1.7070960998535156	0.7857426404953003	-0.1886148452758789	0.30149853229522705	0.6179294586181641	-0.3527924716472626	0.5669040679931641	-0.3213985562324524	0.376583993434906	-2.2676069736480713	0.887749433517456	0.3937099874019623	0.6061330437660217	-0.41441771388053894	0.5484594106674194	-0.22405663132667542	-0.8797095417976379	-1.9541586637496948	-0.03761071711778641	-0.9496678709983826	0.4039672613143921	-1.640599250793457	0.12954580783843994	1.136111855506897	0.5998756885528564	-0.3506632447242737	0.21231675148010254	0.14535580575466156	0.5688380599021912	0.93507981300354	-0.3439801037311554	-0.8521616458892822	0.7641000151634216	-0.618552029132843	-1.0719331502914429	1.5263516902923584	1.516980528831482	-1.150634765625	-0.7491819858551025	-0.17673730850219727	-0.7919211387634277	0.4991750717163086	0.19989293813705444	-1.557447910308838	1.0046755075454712	-0.6762732267379761	-0.9958189725875854	2.0424885749816895	-0.06026247516274452	-0.17745764553546906	0.1687440276145935	-0.16268500685691833	0.34760782122612	-0.21989686787128448	0.9087268114089966	-1.5129046440124512	0.3634859323501587	-0.01001603715121746	-1.7728166580200195	-1.0812273025512695	-1.6531355381011963	2.826504707336426	0.30663827061653137	-1.2117748260498047	0.5996792316436768	-1.0655890703201294	-0.5605118274688721	-0.25794723629951477	-0.2957591116428375	0.6481838822364807	-2.5103847980499268	0.737567663192749	-0.5285061001777649	-1.0628876686096191	-1.1565130949020386	-0.2817666232585907	0.6192087531089783	0.5114578008651733	-0.7217020988464355	0.9060865044593811	1.453670859336853	-0.053099375218153	-1.4251127243041992	1.3374323844909668	1.9416621923446655	-1.0190856456756592	0.3967280983924866	2.52339768409729	1.8194379806518555	-1.681833028793335	1.5965595245361328	0.051918502897024155	-0.7868518829345703	0.18802106380462646	0.3549606204032898	-0.9554112553596497	1.6018168926239014	0.5725006461143494	-1.3135194778442383	-0.08620250225067139	0.17636644840240479	-0.5732767581939697	-0.3633708655834198	-0.06849487125873566	-1.6915663480758667	0.5321626663208008	-0.015272414311766624	0.2797141969203949	-0.21560998260974884	-1.0881602764129639
-0.09520711749792099	-2.3385848999023438	0.44927719235420227	-1.0857107639312744	-0.5319992303848267	0.8440458178520203	1.0171178579330444	0.0082177072763443	-0.12242216616868973	-0.830362856388092	-1.025277853012085	1.2822117805480957	-1.794297456741333	-1.2859917879104614	0.05953559651970863	2.180126428604126	-0.7178013324737549	0.37529876828193665	-0.1252693086862564	1.1154543161392212	-0.20399701595306396	-1.3963338136672974	3.7750680446624756	0.020728735253214836	0.9239630699157715	-1.1637107133865356	-0.4274703860282898	0.05226683244109154	-0.49562495946884155	0.6720589399337769	0.5470861792564392	-0.23033219575881958	0.7691414952278137	1.2105718851089478	0.7000170946121216	-1.4831922054290771	0.8007976412773132	1.3698170185089111	0.4957268238067627	-1.5394377708435059	0.4709402024745941	-1.8978654146194458	0.3396264314651489	1.1815202236175537	-0.9899505972862244	0.24466636776924133	1.1894547939300537	-0.490224689245224	-0.31862491369247437	-1.199834942817688	-1.1941814422607422	-1.5473628044128418	-0.3558166027069092	1.7340995073318481	0.7570104598999023	1.348936915397644	0.10602525621652603	-0.4672077000141144	-1.4082882404327393	0.5658310055732727	-0.6142758131027222	-1.0198864936828613	0.8817160129547119	-0.9365702867507935	-0.7308769822120667	0.1787264198064804	-0.4630351960659027	-1.1188651323318481	0.6602849960327148	0.882234513759613	1.9195361137390137	-0.1591801792383194	-1.7650588750839233	-0.7340386509895325	0.2908021807670593	2.0738511085510254	-0.8064491152763367	-0.6731510162353516	-0.34200868010520935	0.2972295582294464	-0.22915056347846985	-1.4265015125274658	1.3548014163970947	-1.2686790227890015	0.7743107676506042	-1.4328962564468384	0.30689024925231934	2.798215627670288	0.8619922995567322	0.09119698405265808	-0.7972363233566284	-0.6471319794654846	0.5700618028640747	-0.773179829120636	-0.057522352784872055	-0.6809672713279724	-1.2494760751724243	-0.2853796184062958	0.7759908437728882	-0.27853095531463623	0.8495013117790222	1.2366549968719482	1.8186193704605103	2.4829835891723633	-1.8638514280319214	0.43251198530197144	-0.5136106014251709	0.6666661500930786	0.9011350870132446	1.0475220680236816	-0.012883670628070831	0.5330284237861633	0.4890167713165283	-0.30767175555229187	1.541600227355957	0.03283625468611717	-0.35479113459587097	1.4717519283294678	0.3735255002975464	3.034224510192871	-1.4391884803771973	-0.12168300896883011	-2.0535683631896973	-0.15729069709777832	-0.640138566493988	-0.14225651323795319	-0.005516428500413895	1.001615047454834
0.4417669177055359	0.37972167134284973	1.008797287940979	-0.46584799885749817	0.07530118525028229	-0.530561089515686	1.527152419090271	0.1012766882777214	-2.023322105407715	0.13277389109134674	1.7442916631698608	-1.7141581773757935	0.21637634932994843	0.2853349447250366	1.7281994819641113	-0.07521199434995651	1.5085068941116333	0.9541948437690735	-1.5039092302322388	-0.8427130579948425	1.3033974170684814	-0.04082878679037094	0.6134160757064819	0.12032943218946457	0.17894183099269867	-0.23268058896064758	0.4559694230556488	1.34511399269104	0.8756373524665833	-0.36604055762290955	-0.16899430751800537	1.0574064254760742	1.8222395181655884	-0.6157740950584412	-0.8056372404098511	-0.613481342792511	0.7894777655601501	-0.4210885167121887	0.16380740702152252	0.28180408477783203	-1.701158881187439	-0.27418991923332214	-0.4440003037452698	0.1539471298456192	-0.6725199818611145	-0.11343895643949509	0.7499290704727173	-0.1302502453327179	0.5628817677497864	-1.6749491691589355	-0.10179304331541061	1.4937586784362793	0.08250229060649872	-0.09860528260469437	-0.24345563352108002	0.6431225538253784	-1.7387841939926147	0.810990571975708	-0.2443193793296814	-1.2341046333312988	0.009097570553421974	0.4015600383281708	1.8819481134414673	-0.4064052700996399	1.3977049589157104	-0.6071935892105103	0.03324313461780548	-0.5822464227676392	1.0560061931610107	0.682553768157959	-0.008289240300655365	-0.08581921458244324	0.7924678325653076	-0.018596744164824486	1.6619205474853516	-0.4698084890842438	-1.1575065851211548	-1.2033193111419678	-0.7274466156959534	-0.7057046890258789	-0.229795441031456	-0.4637543857097626	-0.44426819682121277	-0.08416280150413513	-0.9914467334747314	1.1757079362869263	-0.9320710897445679	-1.431292176246643	0.6854835748672485	0.6072591543197632	1.3433001041412354	-0.7198466658592224	-1.2527008056640625	-1.0874863862991333	1.878516435623169	0.43985316157341003	-0.9891993403434753	-0.8257806897163391	0.21630902588367462	-0.5139273405075073	1.590462565422058	0.1697561889886856	-1.885577917098999	-0.8271900415420532	2.2283172607421875	-0.5741710066795349	-0.1512152999639511	1.1835652589797974	-0.20090806484222412	0.43071356415748596	-1.3714416027069092	0.872755229473114	1.5844767093658447	0.8308448791503906	-1.0311671495437622	0.2764204144477844	1.344468355178833	1.524013638496399	-0.14303992688655853	0.29453587532043457	-0.9742380380630493	0.829850435256958	0.538050651550293	0.9235802888870239	0.33544719219207764	-0.9048801064491272	-0.6170133352279663	-1.3724491596221924
-0.05403470993041992	-0.4018149971961975	0.9694012999534607	-0.9483705163002014	1.612278938293457	-0.14491590857505798	0.8054707646369934	-1.6919764280319214	-1.4165805578231812	-0.6057717800140381	-0.847787082195282	-0.6415882706642151	2.4214470386505127	0.3935115933418274	0.020670581609010696	0.0983298271894455	-1.1901174783706665	0.7546767592430115	-0.15439458191394806	0.1308300793170929	0.8236474990844727	-1.1791417598724365	-0.17280377447605133	0.7137688398361206	-0.5370334982872009	-0.8831279277801514	0.0902809128165245	-1.0111721754074097	-0.26871344447135925	1.689233660697937	-0.4008640646934509	1.360770583152771	0.5349175333976746	-0.1690947264432907	1.0178529024124146	-0.7139776945114136	-1.2225717306137085	0.3327639400959015	-1.479218602180481	0.19212424755096436	1.1502609252929688	-0.5869699716567993	-0.38214224576950073	0.9586610198020935	-1.0274622440338135	-0.3128312826156616	0.4353298544883728	0.2803833782672882	0.2662242352962494	-1.708266019821167	-2.2672903537750244	-0.5237736105918884	0.4015846252441406	0.624576210975647	1.5380442142486572	1.6916342973709106	0.46431395411491394	0.39050865173339844	-0.10058509558439255	0.09514117985963821	0.8128573298454285	-0.1683000773191452	-0.8246404528617859	0.09473477303981781	-0.22652356326580048	0.053171899169683456	-0.3363436460494995	0.5061740279197693	1.583066463470459	0.44813060760498047	-1.687375545501709	-0.874233067035675	-0.31342005729675293	-0.4715658128261566	-1.2735350131988525	-1.6413244009017944	1.0296285152435303	-2.4777603149414062	-1.759918451309204	-0.154209166765213	-0.07742367684841156	0.6386823058128357	1.0083283185958862	0.6539223194122314	-1.3194776773452759	1.1756360530853271	0.3653550446033478	-2.6688899993896484	-0.3333289921283722	-0.680621862411499	-1.0873069763183594	2.1086456775665283	-0.3353087604045868	-1.934013843536377	0.039872054010629654	-0.10565149039030075	0.01333275530487299	1.0347996950149536	-1.1156997680664062	-0.6295933127403259	1.3279120922088623	-0.2805841565132141	-0.9777021408081055	-0.616445779800415	0.03022085689008236	-0.25535139441490173	-1.6754337549209595	-2.0126609802246094	1.1118518114089966	1.5628712177276611	3.1204607486724854	-0.2578470706939697	0.3427256941795349	-0.5475677847862244	-2.110344171524048	-0.00906398519873619	-2.7232723236083984	-0.681494951248169	0.5996208190917969	0.18472063541412354	-0.8255114555358887	-1.1683684587478638	-1.4156132936477661	1.1540669202804565	-1.3758398294448853	1.1041297912597656	0.6274775266647339	-0.3720996081829071
-0.7448813319206238	0.3320697546005249	0.15978936851024628	-0.8796830177307129	-0.013905675150454044	0.21345652639865875	-0.6563398241996765	0.030121807008981705	-0.9007307291030884	0.003505907952785492	-0.6286889314651489	-1.3649613857269287	1.5965524911880493	1.0719774961471558	2.685800552368164	0.56623375415802	0.5653305053710938	0.6248602867126465	0.1154821589589119	0.868396520614624	0.17431139945983887	1.4603928327560425	0.6348256468772888	1.4391595125198364	0.0796748474240303	-0.5621704459190369	0.1252918541431427	1.8135403394699097	-0.1552143543958664	1.7383874654769897	-1.2534559965133667	-0.4771179258823395	0.0488538034260273	-2.4134416580200195	-0.03427591547369957	0.7643065452575684	-0.5327628254890442	-1.338865041732788	-2.2965197563171387	-0.3579259514808655	-0.7691746950149536	-0.459093302488327	-2.2516934871673584	1.5802497863769531	0.1145285964012146	-0.9269607663154602	0.5753951668739319	-0.28863537311553955	-0.2153719663619995	1.1498481035232544	-0.5451759099960327	0.7818945050239563	-0.9994423389434814	-0.7709512114524841	-0.5270578265190125	-0.42272835969924927	-0.06383024156093597	-0.45811039209365845	0.5103937387466431	0.4953782558441162	-0.607149064540863	0.3880094289779663	1.8454490900039673	-0.669959306716919	0.9051716327667236	-1.3035801649093628	0.1493179351091385	-1.3477942943572998	0.8054721355438232	1.9499584436416626	-0.5534676909446716	1.8123670816421509	-2.182868003845215	-1.114457607269287	-0.49485063552856445	0.9107180237770081	-0.6369178891181946	-1.052979826927185	-0.1677362322807312	3.634110927581787	0.5516044497489929	-0.23179462552070618	0.03401285037398338	1.6893963813781738	-0.2688305974006653	-0.09077141433954239	0.9050752520561218	0.6273671984672546	-0.15890449285507202	1.1992239952087402	-0.9664086699485779	1.7679237127304077	0.6033291220664978	-0.395473837852478	-0.17160627245903015	1.0332858562469482	1.0537145137786865	0.3230120837688446	-0.30180853605270386	0.15588654577732086	0.7123287320137024	-0.6109128594398499	0.058752093464136124	0.7105500102043152	0.6955558061599731	-0.37600481510162354	1.4809882640838623	-0.7968720197677612	0.2508617639541626	-0.301034539937973	-0.11333362758159637	0.7185536623001099	0.7734594345092773	0.49091315269470215	-0.5170245170593262	0.9791619777679443	-0.858144998550415	0.6798554062843323	-1.2751795053482056	0.5302230715751648	-1.7974210977554321	1.2720656394958496	0.024586934596300125	1.5448870658874512	-1.243644118309021	-1.023871660232544	-0.5529886484146118	-2.4289908409118652
-0.5733141899108887	0.38055866956710815	-0.22513796389102936	0.2866342067718506	0.23245570063591003	1.0942492485046387	0.5344463586807251	-0.25438910722732544	-0.720971405506134	-0.5137146711349487	-1.831107497215271	-0.7602857947349548	0.6749239563941956	0.24449491500854492	-0.6477726101875305	-0.17632107436656952	0.5874425768852234	-1.3935880661010742	-0.6521783471107483	-0.21146398782730103	2.4937705993652344	1.1571990251541138	-0.8074019551277161	0.6181028485298157	-0.7245944142341614	-0.8160204887390137	0.9601890444755554	1.4676282405853271	-1.4120622873306274	0.03667094558477402	-0.14378955960273743	1.5903866291046143	-1.1471258401870728	0.4639022946357727	-0.5005244016647339	-1.1092684268951416	0.5467356443405151	-0.38520607352256775	-1.081836462020874	1.6410194635391235	-0.9034173488616943	1.2218644618988037	-0.21546019613742828	-0.1552726775407791	0.8160487413406372	-0.4055236577987671	-0.46521586179733276	0.4202865958213806	-1.3929378986358643	0.8653959631919861	1.258317470550537	-1.363230586051941	0.18064643442630768	-0.00017401603690814227	-0.7567962408065796	1.4979912042617798	0.5346377491950989	-0.5904908776283264	-1.3529469966888428	-0.46465522050857544	-0.8920729160308838	3.0137341022491455	-0.46786171197891235	1.140161156654358	-1.1863555908203125	1.5083576440811157	1.3240412473678589	-0.8884449005126953	-0.49815645813941956	0.42965665459632874	0.15675967931747437	0.055846236646175385	0.5763676166534424	0.27053776383399963	-0.27993085980415344	1.9248409271240234	0.2973729074001312	1.4361178874969482	0.6006949543952942	-0.3999214470386505	0.21669937670230865	0.7669156193733215	0.5617504715919495	-0.006359999533742666	-0.08395010977983475	-0.6090396046638489	-0.45548680424690247	-0.8077818751335144	-0.6806355714797974	-0.02057764120399952	0.7542248964309692	2.1267082691192627	0.6398774981498718	0.8178970217704773	0.24881041049957275	0.2075803130865097	1.2010645866394043	0.8357572555541992	0.8230425119400024	3.4292871952056885	-1.0415959358215332	-0.46458685398101807	-0.5548032522201538	-0.8914134502410889	-1.568948745727539	1.1463645696640015	0.49215251207351685	-0.9174333810806274	2.399219274520874	0.30746904015541077	-0.177537202835083	-0.6942045092582703	0.910256564617157	-0.5076513886451721	-0.8215864300727844	-1.0700287818908691	1.2942607402801514	1.7924003601074219	-0.7481145858764648	-0.6271206736564636	-0.758399248123169	-1.6333013772964478	-1.940895915031433	-0.6902413964271545	-0.18858551979064941	0.3673623204231262	-1.002339482307434	-0.42264503240585327
-0.013226780109107494	1.1477909088134766	-0.01595304347574711	1.2839347124099731	0.5673062205314636	0.669033408164978	-1.4609262943267822	0.5054294466972351	-1.1095356941223145	0.23240409791469574	-0.1326904445886612	0.7942814230918884	-0.4363395571708679	0.09200169146060944	0.008875318802893162	-0.20308290421962738	0.5361868739128113	0.3184029757976532	0.1865994930267334	1.2983587980270386	0.45175057649612427	-0.29162177443504333	-0.38262319564819336	-2.030998468399048	1.1033746004104614	-1.7579268217086792	-0.7939395904541016	0.3965141177177429	1.7904739379882812	1.535101056098938	0.036967672407627106	-0.16897086799144745	0.1988506317138672	1.4163079261779785	-1.5242547988891602	-1.5759403705596924	0.5126643180847168	2.332597494125366	-0.5546512007713318	0.9507706761360168	2.1068906784057617	2.1399354934692383	0.4370214641094208	-1.232453465461731	-1.7821763753890991	0.31003326177597046	0.8357569575309753	-1.1774765253067017	-0.3778139352798462	-0.18016952276229858	1.3295284509658813	0.3110438585281372	0.5665223598480225	0.8316181302070618	-0.6090535521507263	-0.2868548035621643	1.0595768690109253	0.20452052354812622	-0.270122766494751	-0.8401771783828735	0.4072878956794739	-0.6586127877235413	-0.7204017043113708	0.2182476967573166	1.3166944980621338	-0.7752793431282043	0.40301933884620667	0.07560668885707855	-0.18815495073795319	0.12521390616893768	1.1263301372528076	-2.107499122619629	0.0787954181432724	2.2954115867614746	1.013346552848816	0.16213931143283844	1.380393624305725	-0.9052385687828064	-1.0577948093414307	1.4496299028396606	-0.06379787623882294	1.4162834882736206	-0.4600755274295807	-1.1352092027664185	-1.0924025774002075	0.4679785370826721	-0.6649239659309387	0.5979087352752686	-1.5752429962158203	-1.8554191589355469	0.7568121552467346	0.13802523910999298	1.0088863372802734	-0.3788878321647644	0.9855527281761169	-0.7328919768333435	-1.1397682428359985	-1.5085924863815308	0.4965050518512726	-0.15215151011943817	-0.1405065804719925	2.2557172775268555	0.7932720184326172	-0.007509196177124977	1.362831473350525	-0.6823567748069763	-0.5351272225379944	-1.8308268785476685	1.659458875656128	0.7839377522468567	-0.8729615807533264	0.649729311466217	0.9354139566421509	1.8324106931686401	0.2844093441963196	1.093826174736023	0.5294504761695862	0.5402369499206543	-0.09444162249565125	-1.086061954498291	-1.0026100873947144	0.9824706315994263	0.16421370208263397	0.4665200710296631	0.20368735492229462	1.0841472148895264	1.498482346534729	0.5890851616859436
0.3672560751438141	1.255998969078064	-1.2907700538635254	0.46114224195480347	-0.6712076663970947	0.5068610310554504	-0.5267674922943115	2.147104263305664	-0.302537739276886	0.2739424705505371	0.7073321342468262	2.1532669067382812	0.333843469619751	-0.5569851398468018	0.8934006690979004	0.2640201151371002	-0.2662491202354431	-0.4726991355419159	0.5807245969772339	0.15455730259418488	0.8144505620002747	-2.712358236312866	0.7655772566795349	0.25112608075141907	-0.3303062915802002	-0.45519590377807617	-0.01121203601360321	0.8211032152175903	0.6461040377616882	-1.2585989236831665	-0.7204062938690186	-1.3090471029281616	1.2547074556350708	-0.5445613861083984	0.8691216707229614	-0.40061062574386597	-0.7064486145973206	0.538696825504303	-1.478186845779419	-1.4348745346069336	-0.13657300174236298	-0.9285731315612793	0.10434962809085846	0.08020056784152985	-1.0813935995101929	-1.1525864601135254	0.9543735980987549	0.2354603260755539	-0.16565965116024017	0.6081980466842651	-0.5441169142723083	-2.1878528594970703	-0.42595115303993225	0.8648679852485657	2.0067367553710938	1.125960350036621	0.5781962871551514	-0.29408442974090576	0.8956376910209656	0.879402756690979	-1.5057011842727661	-1.451493501663208	-0.9039138555526733	0.8899070620536804	1.0079083442687988	-0.2524224817752838	0.8020343780517578	-2.317946195602417	2.142930746078491	-1.3877599239349365	0.07502150535583496	-0.12285049259662628	1.8558744192123413	-0.9172664880752563	-2.0151937007904053	-1.4283931255340576	-0.03526510298252106	-0.3680523931980133	0.251005619764328	-0.42114147543907166	1.3062317371368408	-0.08702828735113144	-0.9604296684265137	-0.48819655179977417	0.6404170989990234	-0.8758288025856018	-0.8726049065589905	0.26683518290519714	-0.39258143305778503	-1.8143199682235718	-0.48459455370903015	-0.6121279001235962	1.8357347249984741	-1.2585726976394653	-0.30938687920570374	0.43376240134239197	-2.337008476257324	-2.2406561374664307	0.6594940423965454	0.512010931968689	-0.6166149973869324	1.0664621591567993	0.045789118856191635	0.14921753108501434	0.4301716685295105	-0.4359385073184967	0.053681764751672745	-0.9628503322601318	-0.9454420208930969	0.6379426717758179	-0.10386136174201965	2.4725534915924072	-0.40530186891555786	0.7573402523994446	0.3431299030780792	-0.04264387860894203	1.8206828832626343	1.0119397640228271	0.8069285750389099	0.76493239402771	0.11613792181015015	1.3139275312423706	-0.31377074122428894	-2.1642746925354004	0.5443115234375	-0.16439832746982574	-0.06841693073511124	0.43785664439201355
-0.7761877179145813	-0.6546197533607483	1.4768520593643188	-0.32547470927238464	-0.7508990168571472	-0.568503201007843	-0.7274876236915588	0.1848907470703125	0.2921990156173706	-0.09764496982097626	1.1924829483032227	0.11677338927984238	-0.049190059304237366	0.18128401041030884	0.24466609954833984	-0.33693456649780273	-0.2434813380241394	-0.6188814043998718	-0.16498564183712006	-0.3661789298057556	-0.14869463443756104	-0.5435832142829895	0.5222830176353455	2.083446502685547	-0.3977840542793274	0.9900787472724915	-1.408785343170166	0.4435570240020752	0.8061951398849487	-1.8104702234268188	-0.2604648172855377	0.48162710666656494	2.220273494720459	-1.2052028179168701	0.8316722512245178	0.4383659362792969	0.0701395720243454	-0.29419881105422974	-0.28709059953689575	-1.5545014142990112	1.3046756982803345	0.04731908068060875	1.002273440361023	1.2955262660980225	-0.9267940521240234	0.9601730108261108	1.049160122871399	-1.1300702095031738	2.046915292739868	2.4802303314208984	0.112325020134449	0.3769477903842926	-0.4934733510017395	0.19712817668914795	0.25527310371398926	0.12051798403263092	-0.14874544739723206	0.8032046556472778	0.05933505296707153	0.23451891541481018	0.9480831027030945	0.1008300706744194	-0.4275258481502533	-0.3145424425601959	0.05627164617180824	2.6392014026641846	1.2904059886932373	0.6017965078353882	0.5100099444389343	0.526034414768219	-0.8623679876327515	1.448870062828064	-0.6777462959289551	0.6582701206207275	-0.7040435671806335	0.6680225729942322	-0.13025376200675964	1.345086932182312	-0.42187488079071045	0.5380895733833313	-0.42573121190071106	1.4591646194458008	0.46462661027908325	0.7295470833778381	-0.4399084746837616	-0.6532175540924072	0.06877482682466507	-0.41411980986595154	-0.968228280544281	-0.18476566672325134	0.6117273569107056	-1.1666548252105713	0.5615381002426147	-0.9746802449226379	0.3682393729686737	1.058901071548462	-0.3871355950832367	0.8332229256629944	0.5166044235229492	-0.9082441329956055	-0.8141683340072632	0.8853983879089355	0.227176696062088	1.3177685737609863	-2.724355697631836	-0.17020443081855774	0.04108065739274025	1.8452194929122925	0.38291096687316895	0.14311468601226807	-0.47770801186561584	0.05343730375170708	1.4305835962295532	-0.3194064199924469	-1.0352346897125244	0.6802592277526855	1.885225534439087	0.20197153091430664	-1.2019016742706299	0.5430597066879272	2.1579911708831787	1.8449554443359375	0.8497554659843445	1.2974411249160767	1.118155598640442	-0.29979392886161804	0.8940466046333313	1.6081088781356812
0.9261636137962341	1.3034353256225586	0.5548189878463745	2.022691249847412	-1.1789004802703857	-2.0720767974853516	1.391707420349121	-0.8827548027038574	1.2623984813690186	-1.483138918876648	-0.6824707388877869	0.4098413288593292	0.4725990295410156	0.4050236642360687	0.8344172835350037	-1.505650520324707	0.7803196907043457	1.8842298984527588	1.068668246269226	-0.33015021681785583	2.5662271976470947	-1.263327956199646	-0.5419381856918335	-0.5037524700164795	0.14753490686416626	-0.033063195645809174	1.31606125831604	-1.307765007019043	-0.6086609363555908	-1.1759306192398071	-1.107497215270996	-0.013795146718621254	-1.6011451482772827	-0.21592067182064056	0.3516250252723694	-1.634952425956726	-0.18779225647449493	0.45716679096221924	0.18032757937908173	2.4361584186553955	0.8972232937812805	-0.5248345732688904	-0.30765852332115173	1.1314280033111572	-0.2682025730609894	0.35951921343803406	0.3257852792739868	-0.8076587319374084	1.856072187423706	1.5812727212905884	-1.3846731185913086	-0.9961552619934082	-0.3073730170726776	0.19419266283512115	0.3236773610115051	-1.0519810914993286	0.12624786794185638	0.4725426435470581	-1.0641306638717651	-0.2739311754703522	-0.5823239684104919	0.7374584674835205	-0.4295981824398041	-0.273725688457489	0.9571566581726074	-0.019269496202468872	0.6373955607414246	-0.010420394130051136	-0.027056166902184486	0.7245761752128601	-2.4320197105407715	1.0661101341247559	1.5538203716278076	-0.1681625247001648	1.1429550647735596	1.3524318933486938	0.7209839224815369	-0.6732069253921509	-0.8061161041259766	-0.02946937456727028	-0.34425127506256104	0.6114941239356995	-1.0019972324371338	0.3182033598423004	-1.8057910203933716	-0.915475070476532	-0.3633793592453003	-0.776739776134491	-0.0240678358823061	1.0445667505264282	0.8330727815628052	-0.25241589546203613	-1.4337985515594482	1.3245512247085571	1.6227322816848755	0.6474511623382568	0.732526957988739	1.0567432641983032	1.4427318572998047	2.1050167083740234	0.08600321412086487	-0.172932967543602	-1.7858527898788452	0.6024736166000366	1.0557403564453125	0.5650675296783447	0.4286313056945801	-0.200754776597023	0.2145065814256668	0.691311776638031	0.6900981664657593	-0.17730653285980225	-1.039462924003601	-0.8382652997970581	0.2133272886276245	0.008759351447224617	-1.1926825046539307	0.3097397983074188	-0.823462188243866	0.2549665868282318	-0.8237942457199097	-0.5371446013450623	2.425743818283081	1.6995198726654053	-0.9026435613632202	-1.0232990980148315	0.4657863676548004	0.2631496787071228
0.5799626708030701	0.24911510944366455	-0.868656575679779	1.8416502475738525	0.1745610535144806	-0.004541279748082161	0.5557835102081299	0.056225307285785675	-0.38573795557022095	0.2971748411655426	0.2898276448249817	-0.49818772077560425	-0.845488965511322	0.1409444659948349	-1.5382057428359985	0.62962806224823	-1.219042420387268	-0.3578731417655945	2.546593427658081	0.31394830346107483	-0.02228977344930172	-1.3724309206008911	0.6823002696037292	1.6437827348709106	-1.4330775737762451	-0.1819966584444046	-0.32496178150177	1.6242589950561523	-2.0201916694641113	1.180518388748169	-0.7866885662078857	-0.43214675784111023	-0.1919858604669571	-0.6137128472328186	-0.769299328327179	0.1978481113910675	0.6408029794692993	0.35707396268844604	0.08903215825557709	0.8435240387916565	0.8944697976112366	-0.2623210847377777	1.4145488739013672	-0.27149492502212524	-1.36396062374115	0.018360519781708717	2.8246328830718994	0.2902355194091797	0.27390727400779724	0.939106822013855	0.7977819442749023	-0.3819120526313782	-0.42674383521080017	0.41392043232917786	0.7274096012115479	0.2806611657142639	1.2912421226501465	1.5686886310577393	0.5488651394844055	-0.6309864521026611	-2.0186145305633545	-0.006624713074415922	-0.18274125456809998	-0.3034701347351074	0.2019575536251068	-0.46367499232292175	-0.410193532705307	-0.7353758215904236	0.3431690037250519	0.7124794125556946	0.005699518136680126	-0.09147582948207855	0.06936827301979065	0.6671187877655029	-1.0929689407348633	1.3069696426391602	0.10630685091018677	-0.08207625895738602	0.43783873319625854	1.2110892534255981	-0.058243654668331146	0.10689448565244675	-0.9443950057029724	-0.9919734001159668	-1.3964306116104126	-0.2749948501586914	-1.4881969690322876	-0.6819882988929749	-0.9911249876022339	0.03178112208843231	-0.17686960101127625	-0.044326916337013245	-0.6761252284049988	-0.9273170828819275	-0.26076740026474	-0.10812529176473618	0.9947190880775452	-0.31634658575057983	1.298358678817749	-1.4698233604431152	-1.2162623405456543	0.93210768699646	0.3983854055404663	-0.9208179116249084	0.28855085372924805	0.5788763761520386	1.2203459739685059	-1.9319102764129639	-0.018686987459659576	-0.9002707600593567	0.6313381791114807	0.07945968955755234	-0.31862419843673706	-0.07272159308195114	-0.7536532282829285	-0.07162962853908539	1.0143063068389893	-0.49991849064826965	1.8369102478027344	1.441960096359253	-1.8463151454925537	-0.33041372895240784	1.0366675853729248	0.0344512052834034	0.9167644381523132	-2.1369593143463135	0.13606515526771545	-0.17576998472213745
0.19965389370918274	-1.0639100074768066	-0.510150671005249	-0.13355518877506256	-1.329782485961914	-0.09548238664865494	-0.48895585536956787	-0.410600870847702	1.6723289489746094	-0.49485060572624207	-0.41319024562835693	-0.40198251605033875	0.03183187544345856	1.191514253616333	-0.4843263626098633	0.7250162959098816	-1.0346845388412476	1.2033458948135376	0.3670154809951782	-0.37942802906036377	0.48487594723701477	2.618494749069214	0.35495153069496155	0.24202768504619598	-0.6191678047180176	1.7540459632873535	-1.6695148944854736	0.5273392200469971	-0.0792153850197792	1.382249355316162	-0.18581052124500275	-1.2251702547073364	-1.3659812211990356	-0.28829044103622437	0.3556712865829468	0.38671591877937317	-0.028679722920060158	-0.1240968182682991	-1.203507900238037	1.6207154989242554	0.18002519011497498	-0.042833827435970306	0.6669250130653381	0.01581372320652008	-2.861401319503784	-0.8241344690322876	-1.443902611732483	0.10521505028009415	-2.0540053844451904	1.181208848953247	-1.04104745388031	-1.2041923999786377	0.04906162619590759	1.6293455362319946	-0.8815212845802307	0.9034076929092407	-1.2136887311935425	0.005291677080094814	-1.379629135131836	0.552839994430542	0.9659474492073059	-0.584871232509613	-1.0098934173583984	-0.847133219242096	0.30705490708351135	-0.8686743974685669	0.853622555732727	2.4699912071228027	0.8048811554908752	0.2175072282552719	0.40876325964927673	-0.33316275477409363	-0.1500321477651596	0.9294831156730652	0.06099440157413483	-0.29634523391723633	0.28539833426475525	-0.8687884211540222	1.605388879776001	-0.34177613258361816	2.103957414627075	-0.7336395978927612	1.238288402557373	-0.4878087341785431	0.2652422785758972	-2.0323567390441895	-0.14891669154167175	0.459734171628952	-1.3373817205429077	1.5190315246582031	-1.3834829330444336	0.38187649846076965	0.5977545380592346	-0.32443761825561523	0.4040890038013458	-0.34537675976753235	0.03584175184369087	-0.26363053917884827	-0.6848828792572021	0.43426305055618286	-2.0952985286712646	1.2153369188308716	0.3301892876625061	0.8396297097206116	0.49723169207572937	0.593065619468689	0.7498045563697815	-0.9952318072319031	0.6941071152687073	-1.3479379415512085	0.3662210702896118	1.03865647315979	1.5225938558578491	-1.9199979305267334	-1.6700756549835205	-0.6607159376144409	1.0213172435760498	-0.472722589969635	-0.025802357122302055	-0.44640904664993286	0.2790367901325226	1.3011244535446167	-1.062483787536621	-0.2425658255815506	0.9222452640533447	0.4451860785484314	-0.876372754573822	-0.28967535495758057
0.07023904472589493	1.811761498451233	-0.13308414816856384	0.5698884725570679	0.02214091457426548	1.1840578317642212	-0.9927186369895935	-0.625451922416687	0.10500622540712357	-0.7145014405250549	1.1807096004486084	-0.6513649225234985	0.9923210740089417	-1.1658782958984375	0.6977558135986328	0.7707602381706238	-0.3236750364303589	0.05951667204499245	-2.606259346008301	0.412047803401947	0.46978306770324707	1.8581982851028442	-0.5967816114425659	1.2581301927566528	0.24554087221622467	-1.323508858680725	-0.6848249435424805	0.30519285798072815	-2.035104990005493	-1.2155790328979492	-1.003832459449768	-0.03498011454939842	-0.17555758357048035	-0.968124270439148	-0.41190478205680847	0.5506263375282288	0.3906828761100769	0.20933906733989716	-0.6229450106620789	-1.2420320510864258	0.007148448843508959	-0.03257189691066742	-0.2987405061721802	0.5186010003089905	-0.6633269786834717	0.5194136500358582	1.0431817770004272	-1.269973874092102	0.3005729913711548	-0.3737170100212097	-2.940744400024414	-1.361520528793335	0.7015595436096191	1.0695786476135254	0.8623090982437134	1.6784417629241943	-0.5305972695350647	0.3148956894874573	0.9066249132156372	0.6594040989875793	-0.46911418437957764	-0.7038996815681458	-1.1645499467849731	0.8928259015083313	0.660047173500061	0.18099312484264374	-0.7096441984176636	0.040104277431964874	-0.22175054252147675	-1.0908863544464111	0.20336948335170746	-0.9009187817573547	2.8753395080566406	-1.626507043838501	-0.5372593402862549	0.7143451571464539	-0.10387022793292999	0.46319225430488586	0.4627875089645386	0.40383702516555786	-0.37502339482307434	-0.8412694931030273	-0.9259392619132996	0.5636580586433411	-0.3644997477531433	-0.7583454251289368	0.32735148072242737	0.37095198035240173	0.907128095626831	-0.45995837450027466	-0.22574231028556824	-1.3294843435287476	0.12088476121425629	0.5390092730522156	-0.8074778318405151	-0.22714942693710327	0.32964321970939636	-1.0047683715820312	0.8682125806808472	-0.9524463415145874	-1.3391931056976318	-1.3121023178100586	-0.46548160910606384	0.4385831952095032	0.10546668618917465	0.24327777326107025	0.009295141324400902	0.40389132499694824	0.8755096793174744	-1.4884029626846313	0.571203351020813	0.5840453505516052	0.8689665198326111	-0.005979857873171568	-0.886614203453064	-0.9274464249610901	1.190205693244934	-0.9151636362075806	0.4555940628051758	-0.47843417525291443	0.32226407527923584	-0.46515047550201416	-0.05494672805070877	0.6242348551750183	0.20007948577404022	-0.7192067503929138	0.8316236138343811	0.5018067955970764
-1.4624816179275513	0.8099097609519958	-0.05711670592427254	0.6266279816627502	1.029350757598877	-0.24492572247982025	1.1529642343521118	-0.04703279212117195	-0.1489451378583908	-0.6765550374984741	-0.9227205514907837	2.013047933578491	-2.0729691982269287	-0.1834406703710556	-0.6929789781570435	-0.8650277853012085	-0.4593009352684021	-2.1412229537963867	0.6514992713928223	0.5364257097244263	0.44309884309768677	-0.03804049268364906	0.41863813996315	-0.4253702163696289	-2.5552706718444824	1.5399589538574219	-0.41634905338287354	0.23178325593471527	-0.4913782775402069	0.8915132284164429	0.1570606380701065	0.19668208062648773	-0.3670819103717804	-0.5102493762969971	1.5214934349060059	0.16360197961330414	-0.9258723855018616	0.3162378668785095	0.8512429594993591	0.697723925113678	0.843853235244751	0.596225917339325	1.0643177032470703	1.0778284072875977	-0.11118130385875702	0.28302639722824097	-0.7811052203178406	-1.3839058876037598	-0.2276233583688736	1.4917393922805786	-1.2702159881591797	-0.9002914428710938	-0.00178611115552485	0.7068129181861877	1.2873444557189941	-0.36393558979034424	0.4425889849662781	-3.1263887882232666	0.9117081165313721	0.9349623918533325	0.27712854743003845	-0.055183734744787216	-2.5694260597229004	0.20849566161632538	0.13783732056617737	-0.6987825632095337	0.36598294973373413	-0.7984220385551453	1.046465277671814	-0.44298744201660156	0.4956568479537964	0.1749913990497589	-0.4239161014556885	0.5855395793914795	-0.2761320173740387	0.2689397931098938	1.0987718105316162	-0.21296188235282898	-1.5294711589813232	1.0224252939224243	-2.0327672958374023	0.03736599534749985	-0.9228184223175049	-0.4797326326370239	-1.2173618078231812	-0.09997870773077011	-1.5666894912719727	1.8186835050582886	-0.027619143947958946	-0.9012346863746643	0.1459600180387497	0.17616453766822815	-0.2965551018714905	-0.11150342226028442	-0.4947729706764221	1.2524546384811401	-1.1003414392471313	-1.0209587812423706	1.042388916015625	-0.21451705694198608	-0.5206467509269714	-1.6622604131698608	0.19668398797512054	1.3046413660049438	0.5888530611991882	-1.180302619934082	-0.07081378996372223	-1.0176348686218262	0.3108940124511719	-0.8602056503295898	0.6162007451057434	-0.8344175219535828	0.22029219567775726	-2.209376573562622	1.8634430170059204	0.040204256772994995	0.22250588238239288	0.8979265093803406	0.5069490075111389	1.6552094221115112	-0.06562083214521408	-0.2798994183540344	-2.048490285873413	-0.31760865449905396	-0.5281206369400024	-0.10661341995000839	-0.27052703499794006	1.284393072128296
1.1069737672805786	-0.2149783819913864	0.8831982016563416	1.2275458574295044	-0.44182172417640686	-0.45739316940307617	-0.9672237634658813	0.8319635391235352	-0.08107262849807739	0.10077942162752151	0.9931175112724304	-0.07615099102258682	1.5619257688522339	-1.434631109237671	0.9624772071838379	-1.8960477113723755	0.8181658387184143	-0.6904770731925964	-0.7658721208572388	0.003964378032833338	-1.67288076877594	2.4480631351470947	-1.9731073379516602	0.7738755941390991	1.5012800693511963	-0.9245423674583435	-0.9663410782814026	0.7939367890357971	0.47912585735321045	1.4702626466751099	-1.0167921781539917	-1.7390611171722412	2.0212857723236084	0.19877414405345917	0.37101468443870544	-0.24321164190769196	-1.7858915328979492	0.20974811911582947	-0.8570252060890198	-0.04886361211538315	0.6263726949691772	1.469515323638916	-0.18927370011806488	-0.7322315573692322	-0.8583926558494568	-1.2175503969192505	-2.0979256629943848	2.065554618835449	-2.2181460857391357	0.29360660910606384	-1.6290607452392578	0.6855067610740662	0.42931070923805237	0.7450467944145203	0.9083251357078552	-0.7297232151031494	0.8930229544639587	0.25651615858078003	-1.183024287223816	-1.4948019981384277	0.9157684445381165	0.5741816759109497	-0.000526519026607275	-1.539564609527588	1.6411453485488892	0.5000702738761902	-0.1280517876148224	-0.0052392263896763325	1.5481311082839966	0.08764839917421341	-0.21012437343597412	1.230593204498291	0.12717027962207794	0.11927758157253265	-0.016992229968309402	-2.1939873695373535	0.4010346531867981	1.155595302581787	0.1880410760641098	0.18489602208137512	0.3241231143474579	-0.625984251499176	-0.09236939251422882	0.05874255299568176	-0.16098560392856598	0.12588456273078918	-0.9767921566963196	1.574055790901184	-0.09857647120952606	-1.1917473077774048	-1.6634773015975952	0.19267942011356354	-2.2195956707000732	-0.17486731708049774	2.081068992614746	0.12777195870876312	0.11995372176170349	-0.46283993124961853	0.5911241769790649	-1.2425750494003296	-0.26532086730003357	0.3980431854724884	-1.2391966581344604	-0.05275105684995651	2.18330454826355	-0.1739039123058319	-1.6398460865020752	0.11200364679098129	-2.6797187328338623	-0.33209484815597534	-0.2614256739616394	1.871275544166565	-0.18085893988609314	0.7341467142105103	-0.8831366896629333	0.578346312046051	-0.4465502202510834	1.2433873414993286	0.8434410095214844	1.844526767730713	0.0016559729119762778	-0.03198728710412979	1.0196598768234253	-0.4474298059940338	2.0864574909210205	1.3801406621932983	0.354471892118454	-0.19852708280086517
-0.6323451399803162	-0.2004685252904892	0.5420271754264832	-0.47601214051246643	0.045025017112493515	1.5308787822723389	0.5456593036651611	0.30614155530929565	0.500194787979126	-1.2383636236190796	-0.9169184565544128	-1.5085729360580444	-1.0040547847747803	0.2161373645067215	0.18651235103607178	1.6587234735488892	-0.7438482642173767	0.6050325036048889	-0.37479597330093384	-0.15891343355178833	0.2419838160276413	1.983260989189148	0.9372977018356323	-1.6331936120986938	-1.6224552392959595	0.7807213068008423	0.00546917412430048	-1.4837661981582642	0.1555376946926117	0.7614935636520386	0.15312494337558746	-0.479199081659317	0.2484060674905777	-0.21664950251579285	1.0579090118408203	1.0492122173309326	0.6680185198783875	-0.8402456045150757	0.19671037793159485	0.4357714354991913	0.7830899357795715	1.058014988899231	-1.4637134075164795	1.5919477939605713	-0.4947436451911926	-0.8548629283905029	-0.662585437297821	-0.27100205421447754	0.08022794872522354	-2.7292189598083496	0.06159249320626259	-1.0315496921539307	-0.3953901529312134	0.0651998445391655	-0.7192988991737366	-0.3040964603424072	1.1110165119171143	-0.8844884037971497	-0.3654018044471741	-0.4820127785205841	-0.5454590916633606	-2.154975175857544	0.2295604944229126	1.5927337408065796	1.1854333877563477	-1.1340733766555786	0.40313276648521423	0.2522321939468384	-0.41544225811958313	-0.4044678509235382	-0.5300866961479187	1.5694817304611206	-0.5145620703697205	0.2158532738685608	0.4790743291378021	0.4304373264312744	1.0616319179534912	-0.1123858317732811	-0.5968109965324402	0.9207093119621277	0.8385376930236816	1.4263231754302979	-0.7601538300514221	0.12329776585102081	-1.3472936153411865	-1.0992335081100464	0.03917313367128372	0.47302010655403137	-1.5696145296096802	0.26125138998031616	1.007242202758789	-1.0242056846618652	0.0525684654712677	1.0907151699066162	0.2573617696762085	0.6009222269058228	-1.7327916622161865	1.4460039138793945	-1.031622290611267	-1.4492753744125366	0.5949616432189941	0.4749489724636078	-1.382858157157898	0.46227335929870605	0.38378334045410156	0.05185232684016228	-0.9596316814422607	0.944030225276947	0.22081595659255981	-0.9785595536231995	1.1126497983932495	-0.3600884675979614	-0.2704077363014221	2.7514238357543945	0.7097110748291016	-1.8614163398742676	0.047057799994945526	-0.38028889894485474	-0.7491475343704224	-0.7510865926742554	-1.7128524780273438	1.9373691082000732	-0.4044358730316162	-1.3772966861724854	-1.4240347146987915	0.5068840384483337	-1.8039451837539673	-2.285170316696167
0.40962421894073486	-1.1799101829528809	-1.9878593683242798	-1.9513561725616455	-0.02845056727528572	-0.8326736092567444	-1.475840449333191	-0.861159086227417	-0.4779922068119049	-0.11135654151439667	-0.2582630217075348	0.6743404865264893	-1.0379191637039185	-0.592790424823761	-1.1384130716323853	-0.8375529050827026	0.13844113051891327	-1.5440006256103516	-1.6589585542678833	-0.5344519019126892	-0.005211923271417618	0.22133800387382507	-0.4915335476398468	0.4670824110507965	-0.8000637292861938	-1.5230348110198975	0.37834852933883667	-0.9741402864456177	0.9181589484214783	0.35709500312805176	-0.45188167691230774	-0.5134350657463074	0.9774060845375061	0.4071667492389679	-1.1929506063461304	0.4359140992164612	-2.348097562789917	0.1672026515007019	1.29874587059021	0.608875036239624	0.07436640560626984	-1.0945924520492554	0.2822183668613434	0.9100621342658997	-0.14313587546348572	1.9981037378311157	-0.17069780826568604	-0.08414697647094727	0.028171639889478683	0.6801050901412964	-0.7988251447677612	1.1415215730667114	1.621330976486206	0.5203782916069031	-0.16740453243255615	-0.15132176876068115	-0.48024553060531616	0.007168658543378115	-2.0775022506713867	-0.0539766326546669	0.292938232421875	-0.5085129141807556	-2.8436081409454346	0.2729644179344177	-0.21839410066604614	-0.9786645174026489	0.09753142297267914	-0.3208102583885193	-0.35573452711105347	-0.5422327518463135	0.9955785274505615	1.128830909729004	-0.4025856852531433	0.12095977365970612	0.07538561522960663	-0.5666815638542175	-0.54398113489151	0.902373731136322	0.8012449741363525	-0.3169214129447937	1.2121379375457764	-0.5989651679992676	-0.2875864505767822	0.09925256669521332	0.5272637009620667	-0.881310224533081	-0.20759166777133942	0.17901611328125	-1.356917381286621	-0.5225996375083923	-0.8952096700668335	-0.9465315341949463	-0.521649956703186	-0.11765836924314499	1.4630697965621948	2.0886991024017334	-0.965255856513977	0.9013816714286804	1.3469280004501343	-0.5771994590759277	-0.6264742016792297	-0.3214551508426666	0.9438126087188721	-0.6727123856544495	-0.2539208233356476	0.8391896486282349	-1.2493369579315186	0.7616953253746033	1.1115349531173706	-0.8382822275161743	-0.10856626182794571	0.8020491003990173	0.7589997053146362	-0.30482378602027893	-0.9697231650352478	0.39513716101646423	1.1733605861663818	0.2645939588546753	0.804301381111145	-0.700228750705719	0.3703139126300812	1.30886971950531	1.629776954650879	-0.17898976802825928	-0.08510500937700272	0.5087793469429016	0.08380609005689621	2.225572109222412
-0.15936775505542755	-0.037461668252944946	0.3178757131099701	-0.8193467855453491	-0.0038043102249503136	0.09473446011543274	1.5198602676391602	-0.9364974498748779	-0.19133493304252625	0.9090553522109985	-2.7060112953186035	0.6714582443237305	-0.9455080628395081	1.689645528793335	-0.5587134957313538	0.40769216418266296	0.6139447093009949	-3.203476905822754	0.2369847297668457	0.9887931942939758	-1.8832769393920898	-0.7761309146881104	-0.3717782199382782	0.21631555259227753	-1.301266074180603	-0.050454411655664444	0.11031666398048401	-0.1170656830072403	0.8344354033470154	-0.24539974331855774	0.8502190709114075	-0.15494973957538605	-0.4530111849308014	-0.9752324819564819	1.2012042999267578	-0.7104305624961853	2.2693769931793213	1.860270380973816	1.0394986867904663	-0.8481325507164001	0.8213862776756287	-1.2890424728393555	-0.20818720757961273	2.2620184421539307	2.0678815841674805	0.1875646859407425	1.8804525136947632	-0.09295310825109482	0.9579666256904602	-0.7515180110931396	1.5156950950622559	0.46612486243247986	-0.43744605779647827	0.11377355456352234	-1.4631155729293823	-1.679375410079956	-1.5531450510025024	-0.34686312079429626	-0.600445568561554	0.10155896842479706	-0.0806838721036911	0.3041416108608246	-0.5157367587089539	0.06528176367282867	-1.3077086210250854	-0.45612138509750366	1.5634191036224365	0.38892120122909546	-0.4799661338329315	-1.2138054370880127	-0.11001158505678177	-0.25325748324394226	1.887466549873352	2.202279567718506	-0.9058234095573425	0.3244456648826599	0.24925072491168976	0.7011696100234985	0.7466652989387512	0.6497184634208679	-1.1904925107955933	0.3260917365550995	-1.9063650369644165	0.3213407099246979	-0.4328388571739197	0.5477315783500671	-1.1202328205108643	-1.5551552772521973	0.3089432120323181	1.741733431816101	-1.61765718460083	-1.8137292861938477	-1.4287501573562622	1.807000994682312	-1.1430703401565552	1.17678964138031	-0.07962752133607864	-0.9258586764335632	-0.30356886982917786	0.09806857258081436	0.017981983721256256	0.07468831539154053	0.15999431908130646	0.6379591226577759	-0.17930220067501068	-0.263740211725235	0.7228829860687256	-0.49407392740249634	1.7487379312515259	1.3836429119110107	0.42862945795059204	-0.5472954511642456	-0.6248860955238342	0.3259662091732025	1.4986809492111206	0.5312110781669617	0.7817090749740601	2.0657958984375	-1.6529089212417603	-1.4283454418182373	1.1028071641921997	-1.5921865701675415	0.4825150966644287	0.3867892324924469	-1.4592781066894531	-2.922633647918701	-0.9826613068580627	1.8964918851852417
0.41306376457214355	-0.017512260004878044	-0.24590790271759033	1.9373362064361572	-0.4750407636165619	-0.7306156158447266	1.2895067930221558	-0.4751734435558319	2.4170725345611572	-0.6204146146774292	-1.1167504787445068	0.15489695966243744	-1.377744436264038	-0.7128012776374817	0.9922594428062439	1.9007492065429688	0.204724982380867	-3.1348350048065186	-1.5788849592208862	0.5061285495758057	0.15691111981868744	-0.5809938907623291	-0.8651526570320129	-0.5221917629241943	0.8611210584640503	-1.732363224029541	0.15172970294952393	-1.2043237686157227	-0.10598693788051605	-0.8805210590362549	0.7627929449081421	-0.4831855595111847	-2.2257261276245117	-0.10170494765043259	-0.2599741518497467	0.7975708246231079	0.10456649214029312	0.8393523097038269	1.3462433815002441	-0.029586343094706535	0.6358674168586731	0.8714491128921509	0.025841040536761284	0.23902572691440582	1.4379498958587646	-1.4470351934432983	-0.2907017469406128	-1.4752870798110962	0.5482999086380005	-0.034683555364608765	-1.08925461769104	0.28998035192489624	-0.07886624336242676	-1.7729084491729736	0.044178228825330734	0.9423907995223999	0.7072930932044983	-0.5487862229347229	0.033889804035425186	-1.233482837677002	-1.0680431127548218	0.681843638420105	0.3150695860385895	0.14449524879455566	1.7565032243728638	1.5863286256790161	0.7142228484153748	0.30592694878578186	-1.0050047636032104	0.7009793519973755	-1.1186881065368652	0.008526893332600594	0.11728009581565857	-0.961844801902771	-1.790394902229309	0.21264833211898804	-0.4390353262424469	0.027157792821526527	-0.11088933795690536	-0.9959191679954529	-1.0619572401046753	-0.5295112133026123	-0.18079283833503723	-0.4553496837615967	0.9878626465797424	0.6043121218681335	-0.1557261049747467	0.1812891662120819	-0.7406739592552185	-1.3760169744491577	-0.5178607106208801	0.5385404229164124	-0.6473082900047302	-0.1189926415681839	1.004400372505188	2.151899814605713	0.788926362991333	-0.049814555794000626	-0.6606486439704895	-0.2561958432197571	1.427666425704956	-1.8141111135482788	0.683059811592102	-0.6215116381645203	0.8439343571662903	0.44513529539108276	1.2723867893218994	-0.26799294352531433	0.41928449273109436	-0.8377000689506531	1.2404627799987793	-1.424316644668579	0.08571665734052658	-0.09943197667598724	0.917698323726654	-0.7240688800811768	0.8912231922149658	-0.18104705214500427	-0.2622142732143402	-1.086840271949768	-1.6977815628051758	-1.6855436563491821	-0.9067949652671814	1.5607362985610962	0.4150465428829193	-0.038069918751716614	0.1638471931219101	0.9813899397850037
1.18477201461792	0.8087018132209778	2.50773549079895	-1.5952743291854858	1.0616872310638428	0.26205095648765564	-0.16189779341220856	0.7753827571868896	-0.4933047294616699	-0.957834005355835	-0.16097623109817505	-1.3224304914474487	-1.0897148847579956	1.159888505935669	1.4612791538238525	-0.47092196345329285	-0.17156356573104858	1.2638243436813354	0.5093094706535339	1.636176586151123	-0.4501873254776001	-0.3966491222381592	2.4809093475341797	0.24835996329784393	1.1627006530761719	-0.667432427406311	-0.12002499401569366	0.4848017692565918	-0.8704423308372498	0.2243717759847641	-0.3285136818885803	1.5341130495071411	-1.5207788944244385	-0.005228160414844751	1.646888256072998	0.7583404779434204	-0.37797459959983826	-1.1831616163253784	1.575123906135559	1.3370840549468994	-1.276727557182312	0.42351141571998596	0.9230636954307556	-1.6278856992721558	-1.415113925933838	0.7584912776947021	1.1102941036224365	0.7833242416381836	0.4784352481365204	1.4157779216766357	-0.456926167011261	0.4425678253173828	0.06380172818899155	-0.5450940728187561	-0.14326632022857666	-0.9886258840560913	1.4159307479858398	-0.7978217005729675	-0.4061812162399292	0.05188179388642311	1.4178886413574219	1.084097146987915	-0.8051114678382874	-1.2446396350860596	-0.5924861431121826	0.2568002939224243	0.9749970436096191	0.8713527917861938	0.2592593729496002	1.708225965499878	-0.7686071991920471	-0.7231243848800659	0.2741468548774719	-1.1222680807113647	-0.9343283772468567	0.5005334615707397	-2.083667278289795	2.0945279598236084	-1.1550453901290894	-0.6346696019172668	0.33948972821235657	1.3885138034820557	0.01109639834612608	-1.5706900358200073	-1.346480131149292	1.5146245956420898	1.1143215894699097	-0.7846591472625732	1.4091880321502686	1.76388418674469	-2.5426814556121826	-0.9463085532188416	1.060552954673767	-0.8737722039222717	0.01267250720411539	-1.7537174224853516	-0.6870694160461426	-0.2540391981601715	1.6703442335128784	0.26901862025260925	-0.29817619919776917	1.1534576416015625	0.4737367331981659	-0.7127748131752014	-0.556924045085907	-0.6126285791397095	-0.12869097292423248	0.8338956236839294	1.0197880268096924	-0.6015625	0.4553111791610718	-0.7125065326690674	-0.357887864112854	0.0010344490874558687	-0.9795489311218262	0.9842700958251953	0.1286083161830902	0.9613855481147766	0.5105351209640503	-0.34494224190711975	0.7309932708740234	0.637652575969696	-0.6496748328208923	0.2177649736404419	-0.6562482714653015	1.4743953943252563	1.840494990348816	2.322826862335205
0.48470762372016907	-0.11316090822219849	-1.3302398920059204	-1.8420896530151367	-0.3574919104576111	0.45753175020217896	0.30776694416999817	-1.5005873441696167	0.8436803817749023	-0.9061240553855896	0.9357526898384094	-1.408779263496399	0.6235163807868958	1.0132670402526855	-0.8841505646705627	-0.7581521272659302	-0.14765606820583344	-0.16610491275787354	1.5316884517669678	0.9571287035942078	0.7612597942352295	1.9998871088027954	0.7223889231681824	-0.45071232318878174	-1.1626200675964355	0.1874430775642395	0.08989876508712769	0.8001980185508728	-0.6493116021156311	0.19291451573371887	-0.8483304977416992	1.5388190746307373	-0.5378152132034302	2.2070350646972656	-1.488772988319397	2.2163498401641846	-0.35500791668891907	-0.9114456176757812	0.6298454403877258	0.2644711434841156	0.16595326364040375	0.15224336087703705	0.23323611915111542	-0.23758117854595184	0.13296274840831757	-1.419171929359436	-1.0939304828643799	1.2799761295318604	1.1326076984405518	-0.02659275196492672	0.9846822619438171	-0.7828972935676575	-0.17173966765403748	1.182628870010376	-1.0172005891799927	2.9706385135650635	-0.8594803214073181	-0.5135797262191772	0.21634840965270996	0.22722198069095612	0.4490036070346832	1.4272798299789429	1.5891228914260864	1.1701301336288452	-0.9819817543029785	0.8719324469566345	0.528371274471283	1.4655253887176514	1.2128807306289673	1.1437593698501587	-0.581393837928772	1.1541061401367188	-0.7328128218650818	0.8295443654060364	1.96352219581604	-1.1953662633895874	0.5520024299621582	-1.5249029397964478	-1.0660470724105835	0.5078306198120117	0.1437484472990036	-0.06269173324108124	1.1987730264663696	0.25232845544815063	-0.29139137268066406	-0.729489803314209	1.0968856811523438	-2.158061981201172	0.9018781781196594	1.5953904390335083	0.9773415327072144	0.5477989912033081	-1.9889779090881348	-0.6200570464134216	-0.13524989783763885	-0.773154616355896	-0.7364031672477722	1.063556432723999	-0.10879384726285934	0.5538221597671509	-0.29986318945884705	0.27671384811401367	1.0663316249847412	0.8510671854019165	-0.5130585432052612	-1.3214441537857056	-0.9682524800300598	0.9309158325195312	0.5571416020393372	1.6938096284866333	1.4082602262496948	-0.3312150239944458	-0.49860846996307373	0.6407402157783508	0.41799426078796387	1.6724019050598145	-0.2422984391450882	-1.5285238027572632	-1.4108697175979614	0.8144604563713074	-0.5814887285232544	0.08928266167640686	-0.3063850998878479	-0.40831488370895386	-0.9012887477874756	0.8859280943870544	-0.39764854311943054	-0.6031578183174133
-1.2343884706497192	0.9558922052383423	1.293277382850647	-0.1562049686908722	-0.32351890206336975	-2.778099536895752	-1.1488324403762817	-0.4707096219062805	1.8668864965438843	-0.02726435847580433	-0.7855797410011292	-0.8674541711807251	-0.7754733562469482	0.9618892073631287	1.2638614177703857	-1.4845422506332397	0.07883147895336151	0.7761532068252563	-0.4085674583911896	-0.5703211426734924	-0.6839568614959717	1.244537115097046	-1.2843676805496216	1.75764000415802	1.3645470142364502	1.0972189903259277	-0.2319832593202591	1.8603324890136719	-0.0837470293045044	-0.5186265707015991	1.7437680959701538	0.476532906293869	0.44620856642723083	0.20760345458984375	0.39879581332206726	0.9455229640007019	1.833203673362732	-0.5263141393661499	0.6061885952949524	-0.24450679123401642	-0.2215535193681717	-0.023092668503522873	0.5608078241348267	-0.1094067171216011	-1.1063657999038696	-2.38651180267334	-0.4415069818496704	-0.940741240978241	0.4723639488220215	-0.024635715410113335	-1.0947527885437012	-1.709100604057312	1.0760185718536377	0.5736326575279236	-0.19518911838531494	0.8986472487449646	0.7727063298225403	-0.7078498005867004	0.993259847164154	0.5529887676239014	-1.3131102323532104	1.1311862468719482	0.9991855621337891	1.3504657745361328	-0.4073697626590729	-0.3625013530254364	0.11848488450050354	0.7377291321754456	1.7299412488937378	-0.1083017885684967	1.2180745601654053	0.14637276530265808	-0.6142478585243225	-1.0852935314178467	1.0437579154968262	0.2673707604408264	0.6318414211273193	0.16429223120212555	-0.5175670385360718	-2.1028213500976562	0.2080080658197403	0.0030663330107927322	0.07272722572088242	-0.14036406576633453	-0.8748064637184143	1.1556090116500854	0.5533042550086975	0.3265230357646942	0.8456259965896606	-0.7739213705062866	1.8594237565994263	1.3380212783813477	1.6276100873947144	-2.590163469314575	1.9419333934783936	0.08392699062824249	-0.03635948896408081	0.03130935877561569	0.9161689281463623	0.3728923499584198	1.2419013977050781	-0.07379306107759476	0.3939124643802643	-1.7675697803497314	-0.5369230508804321	-1.9627176523208618	-0.33358660340309143	0.8706544637680054	-1.073829174041748	0.029218781739473343	1.8128151893615723	1.1927293539047241	0.4840557277202606	-1.172141671180725	-1.1141692399978638	0.810482382774353	-0.6563807129859924	2.005678415298462	-0.8914219737052917	0.5325443744659424	1.3129328489303589	0.24371188879013062	2.023099422454834	0.4322687089443207	0.6972784996032715	-0.24273647367954254	-0.6580523252487183	-1.0571380853652954
-0.9382637143135071	0.6392985582351685	1.030478596687317	-0.07091482728719711	0.670699954032898	0.3441149592399597	0.1947147250175476	0.8381443023681641	1.4388911724090576	-1.442042350769043	-1.4293999671936035	0.8911461234092712	-0.3065410852432251	-1.1496189832687378	-0.7376630306243896	0.24217624962329865	0.9230973124504089	0.538800060749054	-0.33664458990097046	0.0571516752243042	1.6709394454956055	-0.7215648293495178	-0.8219014406204224	-0.7797185182571411	-1.6065294742584229	-0.0385766327381134	-0.39054158329963684	1.210224986076355	-0.45830434560775757	-1.1582123041152954	-1.3995559215545654	0.0021050616633147	0.2800859808921814	0.4399077594280243	-0.9069739580154419	0.5750404596328735	0.3191990852355957	-0.7848729491233826	-2.2909796237945557	-0.38951897621154785	-2.3081490993499756	0.8522446751594543	0.3276365101337433	0.44787612557411194	-2.3836302757263184	-0.48117804527282715	0.2702181041240692	0.48282283544540405	-1.1462018489837646	-1.070134162902832	0.636732280254364	0.4369937777519226	1.5938555002212524	-0.7283555269241333	0.00018777236982714385	1.2899281978607178	1.6653789281845093	1.2793065309524536	-0.26085370779037476	3.138638496398926	-0.8071544766426086	0.8818072080612183	-2.415501832962036	-0.256738543510437	-1.6381057500839233	0.5216382145881653	-1.1499117612838745	0.8084213137626648	-1.3505041599273682	1.324538230895996	-0.2314484864473343	1.2636665105819702	-0.9217744469642639	0.14203305542469025	0.6377364993095398	-0.1778549998998642	-0.6100097894668579	0.9627073407173157	-1.7368228435516357	-0.5517411828041077	1.7762483358383179	-0.9000271558761597	0.10696776211261749	-2.425992012023926	-0.6747402548789978	0.061134904623031616	-0.5541994571685791	0.025078890845179558	-0.7143967747688293	-0.50574791431427	-0.6563813090324402	0.1462751179933548	0.5740405321121216	-0.5716575384140015	-0.8011633157730103	0.06308897584676743	-2.1775031089782715	1.06169855594635	-0.10619235783815384	-0.7493836879730225	-0.7144492268562317	1.9558260440826416	0.8876816034317017	0.6598377823829651	-0.6288050413131714	-0.10180050134658813	1.054641842842102	1.126872181892395	0.7250848412513733	-0.15094661712646484	2.1010401248931885	0.758052408695221	-0.8334900736808777	0.4845646917819977	-1.6899031400680542	0.6649652719497681	-0.38538023829460144	0.48240309953689575	-0.6589546203613281	0.0733250230550766	-1.5057193040847778	2.0113964080810547	0.3392142355442047	1.0146396160125732	0.4085840582847595	0.07488276064395905	0.2728007435798645	-0.9507370591163635
0.4111821949481964	0.5687515139579773	-0.7307339906692505	0.6420310735702515	-0.19656264781951904	0.03879271075129509	-0.07783306390047073	0.31142786145210266	-0.34877854585647583	1.1375863552093506	0.7432839274406433	-0.06448274850845337	-0.666388988494873	-1.4944860935211182	-0.4880485534667969	-1.1037720441818237	1.1873596906661987	0.21624641120433807	-0.25792643427848816	-1.1172122955322266	1.2112282514572144	1.2822959423065186	0.23643553256988525	0.3289370834827423	-0.02788461744785309	0.9874338507652283	-0.3815469443798065	0.29383939504623413	-0.22796203196048737	0.11298974603414536	-1.4867783784866333	1.369729995727539	0.1697099357843399	-0.8085336685180664	-0.5073810815811157	-1.2284680604934692	-0.9903561472892761	-1.2745957374572754	1.1789979934692383	0.8917568922042847	-0.5933866500854492	-0.814100980758667	-1.859133005142212	1.7310700416564941	2.4565274715423584	1.4292895793914795	-0.9175242185592651	0.44566550850868225	-0.04371697083115578	0.3158217966556549	-0.5848997831344604	-0.8049449324607849	-0.5113332271575928	1.2517569065093994	-1.632847547531128	-0.18241389095783234	-1.7896976470947266	0.3954574167728424	0.40357187390327454	1.4756104946136475	-1.7494964599609375	2.690150499343872	-0.8388258814811707	-0.9758688807487488	-2.755736827850342	0.014270498417317867	1.0456769466400146	-1.6793453693389893	2.1653316020965576	-0.3871541917324066	0.8069255948066711	-1.3913310766220093	-1.1690165996551514	1.0105104446411133	0.24947163462638855	0.19425353407859802	1.746687650680542	0.18313084542751312	0.40821167826652527	-1.1701991558074951	-0.9118713736534119	-0.3532276451587677	-0.613663375377655	0.029610617086291313	-0.6335570216178894	0.2027306854724884	-0.6889492273330688	-0.05452518165111542	-1.3024382591247559	0.9720585942268372	-0.7169183492660522	-0.5529394149780273	-0.7733259797096252	2.0972697734832764	-0.4145404100418091	-0.11217719316482544	0.5594223737716675	1.684364914894104	0.08869289606809616	1.258018970489502	-0.432662695646286	0.07058276981115341	-0.9647697806358337	0.15880146622657776	0.5906434059143066	0.2647262215614319	-0.5823891758918762	-0.5073713660240173	1.3739943504333496	-0.2130981832742691	-1.1224219799041748	1.0187348127365112	0.3825545907020569	-0.13748258352279663	-0.2816549837589264	-1.7165862321853638	0.014548621140420437	-0.8627821803092957	-1.9060251712799072	0.5979310274124146	-0.05477685108780861	0.10314946621656418	-1.901919960975647	1.027382493019104	0.3701265752315521	-1.5225104093551636	-0.24538560211658478	-0.3036056160926819
-1.9899777173995972	-0.4653027653694153	-0.7378173470497131	0.05159739777445793	-2.482799768447876	-0.747067928314209	0.5557345747947693	-1.248172402381897	-1.4710991382598877	1.36613929271698	0.6078925132751465	-0.2967372536659241	0.3988892436027527	0.20878148078918457	0.2618444859981537	0.5100171566009521	0.40256625413894653	-0.14872154593467712	0.9639897346496582	-1.246305227279663	-0.2813180387020111	0.16162726283073425	-0.1513466238975525	0.5771293044090271	-0.04881957173347473	0.4433450400829315	1.1808902025222778	-2.3776347637176514	-0.5647642612457275	-0.01887401193380356	0.08294866234064102	-0.8754929304122925	-1.5580238103866577	-1.087866187095642	-0.9423474073410034	-0.40863609313964844	1.5070425271987915	-0.9733577370643616	-0.8890082836151123	1.1231366395950317	-0.4752218723297119	0.18678849935531616	-0.0755302757024765	1.0933953523635864	-0.3968189060688019	-1.004957675933838	-0.12000858038663864	0.20379100739955902	0.7263315320014954	0.8226374983787537	-1.4601776599884033	-0.5828418135643005	-1.0750110149383545	-1.328636646270752	-0.23334985971450806	-0.9904256463050842	2.070936918258667	-0.26705777645111084	0.401262104511261	-0.9449333548545837	0.23736533522605896	0.22566816210746765	-0.09091126918792725	-1.5706956386566162	-0.2945660650730133	-1.1029200553894043	0.47672364115715027	-0.6299008131027222	0.5373870134353638	-1.6226623058319092	-0.5589632987976074	-0.0021626281086355448	0.24438615143299103	-0.287940114736557	-0.29519909620285034	0.3565184473991394	0.5554412603378296	1.288297414779663	-1.757567048072815	-1.0101065635681152	1.4071377515792847	-0.7529487609863281	-0.601792573928833	1.4111558198928833	2.0159077644348145	-0.1203821450471878	0.4300641119480133	1.2906641960144043	-0.9285690188407898	0.9268525838851929	-0.8142268657684326	-0.9847037196159363	1.2284913063049316	1.0840169191360474	0.26767152547836304	0.5651137828826904	0.004391723778098822	0.10291820764541626	0.07112906128168106	-0.06158163771033287	-1.4316328763961792	-0.89631587266922	0.7901764512062073	1.9841158390045166	-2.0553553104400635	-0.6229110956192017	-1.2321430444717407	0.5034101605415344	0.3604833781719208	0.23494096100330353	1.0414470434188843	0.35525351762771606	1.0141836404800415	0.45605477690696716	-0.19877837598323822	0.948877215385437	-0.17563436925411224	-0.4968378245830536	-1.6543385982513428	0.194009467959404	0.32399094104766846	-0.6316407918930054	-0.9169769883155823	-0.22295314073562622	0.10233303904533386	0.06724370270967484	-0.8325005769729614	0.3013576567173004
1.1508607864379883	1.1067718267440796	0.6966148018836975	-0.7529967427253723	-0.1565689593553543	-1.3623398542404175	-0.12242626398801804	-0.8359264731407166	-0.5375176072120667	0.7268076539039612	-0.9165821075439453	-0.7301396727561951	1.4503916501998901	-0.569543719291687	0.2448568195104599	1.2314218282699585	0.016083329916000366	-1.599079966545105	-0.9506725668907166	0.3701781928539276	-1.1471656560897827	1.2020983695983887	-0.7541887164115906	-0.20297378301620483	-0.8572099208831787	0.15593551099300385	-1.6974408626556396	0.6792004108428955	2.455343246459961	-0.14987419545650482	-0.019022516906261444	0.8438501954078674	0.7630242109298706	-0.7820423245429993	0.3501913547515869	0.8265386819839478	-0.4380972981452942	0.021096250042319298	-0.05444251373410225	0.6353510022163391	-1.1896827220916748	0.15873569250106812	0.010886128060519695	-0.727990448474884	0.2423660159111023	1.3865666389465332	-0.8183579444885254	-1.0291478633880615	-1.3372966051101685	0.9283187985420227	0.45179498195648193	-0.2756913900375366	-1.2894426584243774	-0.5755600333213806	-0.19199404120445251	-0.31724125146865845	-0.8596533536911011	0.5177757740020752	0.5829272866249084	0.2657763659954071	0.4542475640773773	1.6264921426773071	0.9697145223617554	-1.1241154670715332	-0.08522728085517883	1.691376805305481	1.303935170173645	-0.30662113428115845	-1.3707969188690186	0.7823556661605835	0.8248346447944641	1.6297374963760376	-0.19466298818588257	0.5473783612251282	0.7897637486457825	0.2308182418346405	-0.1844499707221985	0.3396720588207245	1.1558973789215088	-1.9819564819335938	-1.1521464586257935	2.197075366973877	-0.617231547832489	1.129469871520996	0.06261832267045975	-1.904844880104065	-1.039764404296875	-1.8390918970108032	-0.7594352960586548	-0.3153870701789856	0.3871822953224182	-1.222983717918396	-0.2640657424926758	-0.9366837739944458	-0.7902135252952576	-0.16221259534358978	-0.5751309394836426	-1.3562684059143066	0.7295666933059692	2.4388222694396973	1.575114130973816	-0.09080399572849274	-1.3711791038513184	-0.26255473494529724	-0.6875584125518799	-0.906924843788147	-2.088609218597412	-0.9500647783279419	-1.0545276403427124	-1.4457080364227295	-0.17281652987003326	1.4822973012924194	1.6124305725097656	0.4671627879142761	0.4564758241176605	1.2539221048355103	-1.5651600360870361	0.8810089826583862	1.0728623867034912	-1.5001813173294067	2.2167017459869385	0.35089319944381714	1.1382133960723877	1.996616005897522	1.9447996616363525	0.7555854916572571	0.7672021389007568	0.9246187210083008
0.9977088570594788	0.17532381415367126	0.4420735836029053	1.1599806547164917	-0.48304471373558044	0.24437567591667175	-0.9322584271430969	1.6086909770965576	-0.3474567234516144	-1.3588069677352905	0.34469854831695557	1.7706891298294067	-0.8856824636459351	0.8633726835250854	0.2841716408729553	-0.6614381670951843	0.6800958514213562	0.6806806325912476	-0.9076030850410461	-1.7456363439559937	-0.1797436624765396	2.1138696670532227	0.18900765478610992	-1.7201348543167114	0.1362268477678299	0.30661481618881226	0.2569657564163208	0.6351986527442932	-0.22672335803508759	1.108716368675232	-3.293133497238159	0.08989446610212326	-1.070853352546692	-1.4434212446212769	-1.240451455116272	3.1187548637390137	0.36053282022476196	-2.0178587436676025	2.255612850189209	2.4344143867492676	-1.1739106178283691	0.14008237421512604	-0.7848489880561829	0.8955500721931458	-0.4075523316860199	-0.5975472331047058	-0.8359172940254211	-1.0352905988693237	0.533355176448822	-1.6800330877304077	-0.6658183932304382	-0.5898759365081787	0.16530132293701172	0.3725208342075348	1.8456724882125854	1.4862172603607178	-0.4914593994617462	0.14317144453525543	0.6405497193336487	-0.3310445547103882	-0.49272215366363525	-0.549564003944397	0.3996995985507965	0.699104368686676	-0.7721484303474426	0.25349101424217224	2.063906192779541	0.9328232407569885	-1.0169236660003662	0.3579087257385254	1.39125657081604	-1.1360297203063965	0.9773316383361816	1.2353686094284058	-0.12903256714344025	-1.2643623352050781	0.22222138941287994	-0.9187520742416382	0.5968612432479858	1.0114208459854126	-1.2089556455612183	1.0618503093719482	0.4197024703025818	2.283864974975586	-0.039114948362112045	0.1825471818447113	-0.5135012269020081	-1.1357940435409546	-1.2462900876998901	0.2213030457496643	0.5308444499969482	1.0963062047958374	-1.3532092571258545	-0.26447996497154236	-0.26455652713775635	0.7815244197845459	-0.47343379259109497	1.5547401905059814	0.5263429284095764	-1.9497567415237427	-1.3216750621795654	0.4806433320045471	-0.792707622051239	-0.38213422894477844	0.43365272879600525	2.023568868637085	-1.3186330795288086	1.3879045248031616	0.05705857276916504	0.2421918660402298	-0.14861951768398285	0.6758938431739807	-0.8931230902671814	-1.477437973022461	1.2895853519439697	-0.4539848864078522	1.946119785308838	-1.0711170434951782	-0.9118815064430237	3.06011962890625	0.22249215841293335	0.13366031646728516	0.9122276306152344	-0.8372000455856323	0.8455190658569336	0.16058841347694397	-0.6699704527854919	0.17923489212989807
0.7727687954902649	0.37002038955688477	-1.1647670269012451	-0.3533117175102234	-1.6376386880874634	0.2479352205991745	1.3606101274490356	-1.3623875379562378	0.05606423318386078	0.9364445209503174	0.10734084248542786	0.04327363893389702	-2.01431941986084	2.142648458480835	-0.9356291890144348	0.997860312461853	0.6664876937866211	0.07935309410095215	0.45924869179725647	-0.10734335333108902	-1.8105379343032837	0.41096216440200806	-0.2747819721698761	-1.73780357837677	-1.6040951013565063	-0.9208605289459229	-1.1167054176330566	0.11644162237644196	-1.8263648748397827	-0.627196729183197	-0.43366625905036926	-0.990821123123169	0.8340444564819336	-0.714329719543457	0.7426837682723999	-0.28634732961654663	-0.65413898229599	0.0076601202599704266	-1.1745823621749878	-0.42806071043014526	0.7152586579322815	-0.688852846622467	0.3749846816062927	0.6324690580368042	1.6608006954193115	0.2941248118877411	-1.8724128007888794	-0.027872689068317413	-1.3849209547042847	0.3304029107093811	-0.5962253212928772	-1.902308464050293	-1.0392125844955444	1.9456324577331543	-0.6418898105621338	-1.2716436386108398	0.266399085521698	-0.49714627861976624	-0.04472610726952553	-2.9654018878936768	2.3224382400512695	-1.5327048301696777	0.9134780168533325	0.34819555282592773	0.28219956159591675	-0.537351667881012	-0.7943967580795288	-0.5704023241996765	-1.0965937376022339	-1.5392022132873535	-1.3527449369430542	0.6306938529014587	-0.20943373441696167	0.6991578936576843	0.6820842027664185	0.3303767144680023	0.7857934236526489	0.939629316329956	-1.4193897247314453	-1.2501270771026611	-1.149483323097229	-0.5336814522743225	-2.457643985748291	-0.7737359404563904	-0.012743029743432999	0.5118299722671509	0.8731366991996765	-0.16327215731143951	-1.3318780660629272	0.5940083265304565	-1.8790572881698608	0.5887682437896729	-0.7486903071403503	0.6235876083374023	-0.6674440503120422	-0.26936644315719604	0.4815664291381836	-0.31631985306739807	1.518908143043518	-1.78095543384552	0.8162332773208618	-0.4227665662765503	-0.07695802301168442	-1.4622381925582886	-1.336024284362793	0.2428913414478302	-0.02261751890182495	-0.24691267311573029	0.2709696292877197	-0.9647201895713806	0.7728424072265625	0.2393255978822708	1.599365234375	0.22373348474502563	-1.8288319110870361	-0.4770740270614624	-1.3830486536026	-0.2751415967941284	-0.8659746646881104	-1.1399004459381104	0.9483405351638794	-0.01124467235058546	-2.628502607345581	0.4573836326599121	-1.2879952192306519	1.043207049369812	-1.068226933479309	0.13481877744197845
-1.2813198566436768	0.7490921020507812	0.4923866391181946	0.1959148347377777	1.3041654825210571	-0.3275098204612732	-0.24031679332256317	0.2657041847705841	0.25067365169525146	-0.10393571853637695	1.0684993267059326	-0.9315342307090759	-0.2422521412372589	0.25086429715156555	-0.42202481627464294	-1.101639986038208	-0.8634406328201294	-0.12888969480991364	-0.8537482619285583	-0.11217965930700302	-0.062032610177993774	0.6159656643867493	0.5024633407592773	-0.7251637578010559	0.15852734446525574	2.391197681427002	0.30763232707977295	-1.3088113069534302	-0.8952409029006958	-0.28769323229789734	-1.418519377708435	1.0839389562606812	0.3101333677768707	1.1825587749481201	-1.06382155418396	0.05502833053469658	0.26555508375167847	1.0749598741531372	0.7787588238716125	-0.7660073041915894	-0.6536484956741333	-2.161390542984009	-1.0308369398117065	0.8731589317321777	0.4830152094364166	-0.14459428191184998	-0.5316076278686523	-2.327423572540283	-0.6552199125289917	-1.814279556274414	0.5176514387130737	-1.619842529296875	0.12694714963436127	-2.921285629272461	-2.2810988426208496	0.0006717607611790299	-0.010428083129227161	-0.175005704164505	-1.3051406145095825	-2.077878475189209	-0.8057965636253357	0.7154755592346191	1.2954071760177612	-0.1626194417476654	1.1629526615142822	0.39874348044395447	1.6560701131820679	-1.6274679899215698	-1.7269926071166992	-0.5690436959266663	-0.878792405128479	-0.6732195019721985	0.04212059825658798	-1.2317626476287842	-0.049172259867191315	-1.1628870964050293	1.1540387868881226	0.9248738884925842	0.15062811970710754	0.08793772011995316	-1.1250708103179932	-1.280793309211731	-0.9307487607002258	2.8209452629089355	-1.1446961164474487	-0.7604803442955017	-0.6885570287704468	0.31610533595085144	-0.30098581314086914	-0.32119467854499817	1.4795856475830078	0.40842342376708984	0.40252745151519775	1.2247991561889648	0.4933812618255615	1.4033387899398804	0.1258505880832672	0.19531090557575226	-1.4046999216079712	0.26840925216674805	-0.8546618223190308	1.4197309017181396	-1.4428919553756714	-0.25154533982276917	-0.7931910753250122	-2.903742790222168	-0.3421993553638458	-1.2376412153244019	0.4971936345100403	-0.9924781918525696	0.5123817324638367	-0.42931225895881653	0.2737019956111908	-0.771059513092041	-0.9875069856643677	-0.6397748589515686	-0.5770165920257568	0.11697752773761749	1.4102811813354492	-0.09697408974170685	-1.277019739151001	1.8052648305892944	-2.311228036880493	-0.9343752264976501	0.12464405596256256	-1.889610767364502	0.37458446621894836	-0.24187271296977997
0.5802550315856934	0.10406339913606644	0.9383994936943054	0.7407370209693909	-0.20547769963741302	0.5483020544052124	0.6844247579574585	-1.3215458393096924	0.10198868066072464	0.25824886560440063	-0.5151183009147644	-1.3045200109481812	-0.5220592617988586	0.19340193271636963	-0.6365871429443359	0.3633834719657898	0.8077194094657898	-0.10758277773857117	-0.38911184668540955	-1.1124130487442017	-1.491826057434082	1.4708017110824585	0.2142488807439804	-0.9873759150505066	1.1952190399169922	-0.6437907218933105	-0.39247962832450867	-1.4695360660552979	0.26922741532325745	-0.3126462697982788	1.416185736656189	1.0717030763626099	-0.39813554286956787	0.5031711459159851	-0.7961720824241638	-0.3399805724620819	0.5803316235542297	-1.6843549013137817	-0.09124511480331421	-1.145217776298523	-1.2099252939224243	0.4976836144924164	1.6561639308929443	1.9583534002304077	-0.24804921448230743	0.3868710696697235	-0.7398229241371155	1.0038783550262451	0.18867860734462738	-0.3311533033847809	0.4779333472251892	0.5086148977279663	0.09818079322576523	0.18345317244529724	-0.004174019210040569	-1.4983060359954834	-1.5017672777175903	-0.7994884252548218	1.4388813972473145	0.7000067830085754	-0.28522077202796936	0.06961977481842041	-0.027023671194911003	-0.6653203368186951	2.7990949153900146	0.7123072147369385	0.07881564646959305	0.8951936364173889	-0.2595151364803314	1.0270304679870605	-1.2187087535858154	0.780548095703125	-1.467131495475769	0.3609127104282379	-0.4615641236305237	-0.36252760887145996	-1.0382004976272583	0.3638482093811035	0.8596881031990051	-1.0084238052368164	1.481218934059143	-0.9085806608200073	1.608516812324524	-1.4469757080078125	-0.4743156433105469	-1.6306867599487305	1.8100183010101318	-0.19767121970653534	0.04371296241879463	0.8648679852485657	-0.22924493253231049	-0.9753602147102356	0.5351381897926331	1.0945090055465698	0.07008416205644608	0.432272732257843	-0.9226833581924438	1.9461220502853394	0.0638396143913269	-0.5008869767189026	-0.20456340909004211	0.34495818614959717	0.38342952728271484	-1.353176474571228	0.12230004370212555	1.3206753730773926	-0.9234450459480286	-0.38190221786499023	-1.2750612497329712	-0.5716512203216553	0.3956146240234375	-2.1860358715057373	0.0011087411548942327	0.204163059592247	0.19564256072044373	-1.2800136804580688	-1.0185484886169434	0.878851056098938	0.6780834197998047	0.3590814769268036	-0.11822482943534851	-0.8651894330978394	1.0883029699325562	1.5807256698608398	-0.8944745659828186	0.2782619297504425	0.25840526819229126	-0.6822894811630249
0.33413946628570557	1.0561212301254272	-1.9027456045150757	-1.847888469696045	0.475357323884964	-1.2349885702133179	1.2950977087020874	-0.2850119471549988	0.7038701176643372	0.8842697143554688	-0.8958202004432678	-1.5057897567749023	0.7546547055244446	-0.7796170711517334	-0.17326170206069946	0.9360476136207581	1.1605483293533325	-0.13806280493736267	0.902630090713501	-1.149987816810608	1.8739557266235352	0.7283644676208496	0.07533600926399231	0.11637045443058014	1.071954369544983	-2.1962666511535645	0.06752081960439682	-0.4143332839012146	-0.8570327162742615	-0.4639021158218384	0.14458712935447693	-0.6925032138824463	-1.7096495628356934	0.571771502494812	0.04791475459933281	-0.16650067269802094	0.15369878709316254	0.38947513699531555	0.12777912616729736	-0.9439416527748108	2.397747278213501	0.7478916049003601	0.6394739151000977	0.3775620460510254	-0.3893339931964874	0.016893429681658745	0.9029459357261658	-0.31815892457962036	-1.5577189922332764	-0.5540196895599365	0.13508671522140503	1.706005573272705	0.05649108067154884	0.42931604385375977	0.009699838235974312	-0.9006208181381226	-2.8919622898101807	-0.23209097981452942	-0.28715798258781433	-0.7970377206802368	-0.017091073095798492	0.73612380027771	1.7946581840515137	0.12344783544540405	-0.9379801154136658	-2.23088002204895	0.08093790709972382	-1.8978127241134644	1.1061391830444336	-0.7016280293464661	0.4316854476928711	0.9728639721870422	0.6219690442085266	-1.2131391763687134	-0.20588743686676025	-1.6207753419876099	1.1635268926620483	-1.3437458276748657	0.038854919373989105	-0.9982724189758301	0.08589925616979599	0.7961673736572266	2.452113389968872	0.5638278722763062	1.467149019241333	-0.23815764486789703	0.23372560739517212	-0.2796519696712494	0.11791699379682541	0.5443503856658936	-1.5373228788375854	-1.7995028495788574	0.22819706797599792	-0.7477370500564575	0.2309962511062622	-0.35959675908088684	-1.306990623474121	0.7816195487976074	0.21883338689804077	0.9524149894714355	-0.2589692175388336	1.4614193439483643	0.953309178352356	-1.1022508144378662	-0.8412559032440186	1.206398367881775	0.9562117457389832	0.8239681124687195	0.39561647176742554	0.6284546256065369	-0.6940368413925171	0.32047832012176514	0.3671576976776123	0.7464007139205933	2.2730884552001953	0.515169084072113	-0.9969936013221741	0.7900936603546143	0.057872362434864044	0.3446844518184662	0.19512958824634552	-0.9633029699325562	1.210486650466919	-0.7459323406219482	0.22098712623119354	0.37424716353416443	0.8195661306381226	-2.0023269653320312
-1.2802741527557373	0.2760959267616272	2.1456542015075684	0.12865480780601501	-0.6827115416526794	-0.1428251564502716	-0.4878688454627991	2.1767873764038086	1.131967544555664	1.1559971570968628	-1.6664652824401855	-0.9963832497596741	0.15048374235630035	-0.9852075576782227	1.210819959640503	-0.35412895679473877	-1.2171190977096558	0.5960833430290222	0.28051453828811646	1.2274904251098633	1.4575402736663818	1.8849611282348633	-1.0264599323272705	0.15935617685317993	-0.46888262033462524	-1.1537202596664429	-1.0891135931015015	-1.3012361526489258	0.5590420961380005	0.06682317703962326	-0.11822713911533356	0.5155957341194153	0.1821790337562561	1.5954021215438843	-0.13950106501579285	-0.4119342863559723	0.3753756582736969	0.2242116928100586	0.4537404477596283	-1.1438357830047607	0.8317368030548096	-1.4730830192565918	0.10980986058712006	0.6229855418205261	-0.4980166256427765	0.8935275077819824	-0.15347279608249664	-1.7487601041793823	0.9965978860855103	1.4730916023254395	-0.6785908937454224	1.697798252105713	0.08490503579378128	-0.7660083770751953	-1.912631630897522	-1.2331558465957642	0.6637901663780212	-0.2184087634086609	0.231506809592247	-0.8297841548919678	-1.4827477931976318	-0.15917155146598816	0.287977010011673	-0.1362823098897934	0.33973079919815063	-0.5712025165557861	-2.2140450477600098	-1.327554702758789	-2.0862717628479004	0.4889480471611023	-0.478042870759964	1.4333194494247437	-0.4183969795703888	-1.4571162462234497	-1.2155179977416992	-1.5970220565795898	-0.8577774167060852	-1.1359723806381226	0.011528527364134789	-0.692267894744873	0.5686042308807373	-1.170283317565918	-0.7620794773101807	0.4130103886127472	0.14935657382011414	-1.319461464881897	-0.35399696230888367	0.9697654247283936	-0.3085499107837677	-0.15353606641292572	-0.5482299327850342	0.5895576477050781	-0.08806883543729782	0.7032475471496582	0.019192270934581757	-1.1970411539077759	0.3180847465991974	-2.0731186866760254	0.5337569713592529	-0.5630135536193848	0.9079252481460571	0.4547366797924042	-0.7833252549171448	0.690683901309967	0.8185696601867676	-0.42980048060417175	1.4304537773132324	-0.08785342425107956	1.780725121498108	0.8688721060752869	-1.7230509519577026	1.2557059526443481	-0.04809366166591644	-0.14188823103904724	0.9009177088737488	-0.5222468376159668	1.3471049070358276	-0.6786139011383057	-0.04811573401093483	0.5507706999778748	-1.4287774562835693	-0.4613916277885437	-1.1361340284347534	0.7548058032989502	0.35826441645622253	-1.38550865650177	-0.42276230454444885	0.2581712007522583
-0.8544334173202515	1.4497298002243042	-0.17669761180877686	-1.2542885541915894	-1.244705319404602	-1.400931477546692	-1.5697840452194214	0.23481905460357666	1.3830275535583496	0.6701329350471497	-0.6695396900177002	-1.1213443279266357	0.9939965009689331	2.2879860401153564	2.007230520248413	-0.5770899057388306	0.3236112892627716	-0.44506993889808655	1.5378907918930054	1.427750825881958	-0.4279073476791382	1.163304090499878	-0.6199524998664856	1.9111003875732422	-0.36492472887039185	-0.3769926130771637	-0.2731883227825165	1.6440088748931885	-0.2606945037841797	0.7526857852935791	-0.6168503165245056	0.7322661876678467	0.31014394760131836	-0.043201103806495667	0.128969207406044	-1.4477170705795288	1.3862966299057007	-0.7357997298240662	0.3775572180747986	1.2412714958190918	-1.3237138986587524	-0.5387909412384033	-0.13889051973819733	-0.3282272517681122	0.2408057451248169	-0.5702962875366211	0.4540923535823822	-0.9730790853500366	-0.17488473653793335	0.09818122535943985	1.266573190689087	-1.9059194326400757	1.6988515853881836	0.4378047585487366	-1.3794444799423218	-1.8052773475646973	0.4959542155265808	0.910816490650177	0.6315241456031799	0.1512385904788971	-1.6854158639907837	0.8249247074127197	-0.17417468130588531	-0.08981497585773468	0.3924124240875244	-0.7087798714637756	-0.34219083189964294	0.8255727887153625	0.08009325712919235	1.3659459352493286	1.1703956127166748	-1.2243115901947021	-0.795120894908905	0.8993467092514038	0.06265532970428467	0.029915701597929	-0.6298890709877014	0.7072036862373352	0.15105189383029938	-1.7131596803665161	0.2539213001728058	-0.5892719030380249	1.2029871940612793	-0.11657387018203735	0.8160208463668823	1.296595573425293	1.1381040811538696	-0.6327514052391052	0.9726971387863159	-1.0055516958236694	-0.8253538012504578	-0.13749372959136963	-1.1820697784423828	1.0879859924316406	-0.8752792477607727	-1.7000327110290527	-0.3272109627723694	1.1993457078933716	-0.8193131685256958	1.422835350036621	-1.0815634727478027	-0.141694575548172	-1.5540744066238403	-1.4897897243499756	-0.16383318603038788	0.3318427503108978	0.28880763053894043	-1.6412930488586426	0.8633435964584351	0.24184264242649078	-0.03734279051423073	1.4527541399002075	2.1123907566070557	-1.1361087560653687	-1.035923957824707	-1.5157153606414795	0.7553846836090088	-0.03393223136663437	-0.5796915292739868	1.4002273082733154	0.4525628685951233	2.4327149391174316	-1.9688313007354736	-0.5044691562652588	1.096391201019287	-0.3893805742263794	1.1725481748580933	-0.8544864654541016
1.0208419561386108	-0.314170241355896	0.63430255651474	-0.49619147181510925	-0.07095999270677567	0.16411173343658447	-0.45550596714019775	1.1213628053665161	-0.23674660921096802	1.2878416776657104	0.6623303890228271	0.2148033082485199	0.4107375144958496	1.2557913064956665	1.6880841255187988	-0.24123331904411316	-1.3071579933166504	0.3883705139160156	0.7643228769302368	-0.33121517300605774	-1.4327869415283203	0.6910467743873596	-0.7628511786460876	0.11699063330888748	0.54292893409729	-0.44586387276649475	1.1255813837051392	-0.9791499376296997	0.032506246119737625	0.04060373082756996	-0.5593885183334351	-0.6055703163146973	-0.3719834089279175	0.7010065913200378	-1.6190625429153442	0.7264788746833801	-0.3907220959663391	0.2351706326007843	-0.22412000596523285	-1.5059281587600708	-0.16965781152248383	0.9560205340385437	-1.4495770931243896	1.361017107963562	0.9899487495422363	0.6675356030464172	-1.7631914615631104	0.6041037440299988	-0.6643755435943604	-1.3279298543930054	0.30300161242485046	-1.3904528617858887	-0.3395215570926666	-1.0715819597244263	-0.9870070219039917	0.38621997833251953	-0.41994237899780273	1.7739487886428833	1.4154632091522217	-1.2991167306900024	0.6895967125892639	-0.3152049481868744	-0.6198645830154419	1.3786028623580933	1.8270996809005737	0.7109773755073547	0.6427948474884033	0.21405337750911713	-0.6731440424919128	0.6995200514793396	0.26336976885795593	0.6708613038063049	1.0520453453063965	-0.10441479086875916	-0.18892021477222443	-0.7999674081802368	-0.3459886610507965	0.15809987485408783	-0.44645199179649353	-0.3993240296840668	0.18997535109519958	-1.3403586149215698	0.0029443134553730488	-1.726375937461853	1.2809804677963257	1.9110525846481323	1.009461760520935	2.733919143676758	1.5093121528625488	0.13708439469337463	-0.6235091686248779	-0.8488549590110779	-0.5198440551757812	-0.5461864471435547	0.09416624903678894	0.47651711106300354	1.969435691833496	-0.5654295086860657	0.2885657250881195	0.1687886118888855	0.21309278905391693	-0.9323444366455078	1.6557841300964355	0.8824421167373657	0.5806909799575806	0.2334117293357849	-0.7810831069946289	0.12480797618627548	-0.035257015377283096	-0.055075231939554214	-0.36030519008636475	-0.6905035972595215	-0.5386728048324585	-0.11969786137342453	-0.29410097002983093	-0.8680546879768372	-0.6035252809524536	0.23770248889923096	-0.45175454020500183	-1.6357879638671875	0.4186122715473175	0.11823981255292892	-1.5285403728485107	0.3539985418319702	-0.8274819850921631	0.5988281965255737	-0.8661365509033203	-1.4220093488693237
0.9560470581054688	0.03902475908398628	0.5343309640884399	1.1098284721374512	1.1725077629089355	0.6429210901260376	-0.2812851667404175	-1.146695852279663	-0.9111238121986389	-1.2031550407409668	0.8700888752937317	0.5086511373519897	-0.34182384610176086	2.114496946334839	-0.21650469303131104	2.102404832839966	0.465213418006897	-0.10494375973939896	0.22240011394023895	0.1093023493885994	0.6142264604568481	1.173536777496338	1.3971717357635498	0.6546335220336914	1.3641159534454346	0.18116748332977295	0.569667637348175	1.255766749382019	0.7804080247879028	0.5864135026931763	-0.38836297392845154	-1.160430908203125	0.36539676785469055	-1.0945900678634644	0.4837063252925873	-0.29659581184387207	-1.6206178665161133	0.48486706614494324	0.9600831270217896	-0.2082580327987671	-0.18894793093204498	0.5902019143104553	0.5717641711235046	0.19976338744163513	0.8649284839630127	-0.7187674045562744	-1.9614152908325195	-0.3586864173412323	-1.4121510982513428	1.5929168462753296	-1.318284511566162	0.0692082867026329	-0.4203631281852722	0.11419795453548431	-0.09517736732959747	-1.3039562702178955	-1.2472102642059326	-0.6342916488647461	-0.02850811742246151	-0.9875914454460144	-0.6732584834098816	-0.793186366558075	-0.48611876368522644	-0.18592830002307892	0.5078592300415039	0.9910231828689575	0.6966848969459534	-0.22306786477565765	-3.157195806503296	0.10604513436555862	-0.38448411226272583	0.9878631234169006	-1.1576154232025146	0.8059886693954468	0.32068321108818054	1.0759918689727783	0.949443519115448	1.6617666482925415	0.08220711350440979	-0.08393476158380508	-0.9863688349723816	-2.225109815597534	-0.33193033933639526	-0.8508685827255249	0.3405858278274536	0.042982667684555054	-0.035190071910619736	0.17045685648918152	0.2781710922718048	2.3207802772521973	0.6074003577232361	-0.1577167958021164	-1.7354613542556763	0.46858540177345276	1.998594880104065	-1.0812162160873413	0.9753484725952148	0.43776318430900574	-1.9313608407974243	0.3502674400806427	1.3062580823898315	0.5695824027061462	1.9856317043304443	-1.0174440145492554	-0.25780612230300903	-0.6248254776000977	0.4948669373989105	-0.38410666584968567	-0.21724988520145416	0.4952571988105774	0.8451363444328308	-0.4361591637134552	0.6797274351119995	1.123184084892273	0.7427334785461426	-0.27180084586143494	0.7021828293800354	0.4505731761455536	-1.0492979288101196	0.10312797874212265	0.9203663468360901	0.2689428925514221	-0.8754051327705383	-0.6385676264762878	0.24941715598106384	0.914035975933075	0.20082393288612366	0.6588410139083862
1.0232566595077515	-1.971177101135254	2.4517159461975098	-0.5456244349479675	-0.2696237564086914	0.2301357239484787	-0.4045075476169586	1.2410460710525513	-1.1108405590057373	-0.5365327000617981	0.2870427072048187	0.8539333939552307	1.1366045475006104	-1.5349308252334595	-0.5324634313583374	-0.19396492838859558	-0.657235324382782	0.11031360924243927	-0.5781246423721313	0.8541204333305359	0.8379302024841309	0.5817946195602417	1.2665650844573975	-1.0719629526138306	0.5814239382743835	0.5391157269477844	1.7363849878311157	-0.771099328994751	0.27801814675331116	2.6029040813446045	1.1055463552474976	-0.020436372607946396	-0.7037132382392883	2.458653211593628	0.09902146458625793	0.3116934299468994	-1.9915974140167236	1.7365401983261108	0.10734542459249496	-0.10148195177316666	0.34378916025161743	1.9145106077194214	-0.477342426776886	-1.5953353643417358	1.0811737775802612	0.38130828738212585	-0.586828351020813	-0.17762041091918945	0.061577532440423965	-0.032185766845941544	0.2560034990310669	0.3277302086353302	0.150394469499588	1.0986086130142212	1.9351519346237183	0.4189806580543518	0.19985322654247284	-1.858610987663269	0.01163150928914547	1.428647518157959	-0.5000784993171692	0.5757994651794434	-0.7397319078445435	-0.8017711639404297	-0.40363723039627075	1.7711392641067505	0.7115053534507751	0.725460410118103	0.7530196905136108	-0.7594618201255798	0.2578093409538269	-0.3410589098930359	-1.0681774616241455	0.3544113039970398	-0.3063341975212097	0.9051653742790222	-1.8723654747009277	0.31515535712242126	-1.467995047569275	0.36509937047958374	-0.5431496500968933	1.131513237953186	-0.7973023056983948	1.9342538118362427	-0.2908021807670593	-2.6212925910949707	-1.4019993543624878	-0.6750724911689758	-1.7544255256652832	0.1777208000421524	-0.10716087371110916	0.8137657046318054	-0.6820104122161865	0.8842580914497375	-0.36125513911247253	1.9493120908737183	2.2703630924224854	-0.4943365156650543	0.9754151105880737	0.8149544596672058	-2.3523752689361572	-1.773986577987671	0.8113166093826294	1.1738733053207397	1.296204686164856	-0.9827467203140259	1.0439823865890503	0.8054890632629395	0.8122730255126953	-0.8435615301132202	-0.9974716901779175	-2.208747625350952	-0.24397708475589752	0.45987337827682495	-1.83370041847229	0.5418627262115479	1.552688479423523	0.047043219208717346	-1.7739293575286865	0.5001360774040222	-0.49265968799591064	-1.212674856185913	0.770531177520752	1.051816701889038	1.4168623685836792	-2.0372424125671387	-1.178807258605957	0.025580717250704765
0.9404799342155457	-1.7143090963363647	-1.15731680393219	-0.3887282609939575	0.9693431258201599	1.2908161878585815	1.2429560422897339	0.5572881102561951	-0.49512675404548645	-0.587344229221344	0.9498999118804932	-1.8854670524597168	-0.0451987199485302	-0.6459484100341797	0.30671989917755127	-0.14044010639190674	-0.5686967968940735	0.3115041255950928	0.06464361399412155	-0.6001749038696289	-1.3711594343185425	-1.4399077892303467	-0.3292912244796753	0.7843326926231384	-0.6050781607627869	0.17199596762657166	0.33045250177383423	1.2007601261138916	-0.03640878200531006	0.8145933151245117	0.3241274058818817	1.6588691473007202	-0.3314787447452545	1.3799099922180176	0.203720822930336	0.5088727474212646	-0.24278303980827332	-0.7702579498291016	-1.557310700416565	0.0359744168817997	-0.43131864070892334	2.1194467544555664	-1.056802749633789	0.5793250203132629	-1.3410289287567139	1.9045660495758057	0.1879923790693283	0.14758916199207306	-1.5667070150375366	-1.0915566682815552	-0.17845943570137024	0.4571661353111267	-0.9290931224822998	0.4900771379470825	-0.739031970500946	0.9541000127792358	0.7544018626213074	-0.13186682760715485	0.9515036940574646	-2.46785044670105	-1.5272088050842285	-1.5106689929962158	-0.11536164581775665	-1.4768602848052979	-1.6214110851287842	-0.03766806423664093	1.7647901773452759	-1.857904076576233	0.7101331353187561	0.661247968673706	-1.3315619230270386	0.9564543962478638	-0.5295260548591614	0.7114390730857849	-1.5374021530151367	0.9228569865226746	0.3893166482448578	-0.4255025386810303	-0.5888895392417908	0.2824356257915497	0.006672888528555632	-0.25445276498794556	-0.7790009379386902	0.7513625025749207	0.8905969858169556	0.42792007327079773	0.4128054678440094	0.29319682717323303	1.339786410331726	0.42569485306739807	2.048820734024048	0.7608151435852051	-0.1361967921257019	0.31702473759651184	-0.006542486138641834	-1.4307873249053955	0.7865769267082214	-0.6270959377288818	0.2853389084339142	-3.1710195541381836	0.06804636865854263	-0.5477296710014343	0.841728925704956	0.5803933143615723	-0.36150649189949036	-0.11168178170919418	0.9758552312850952	1.6531132459640503	0.21474216878414154	-0.16565082967281342	0.9690703749656677	-0.1060609221458435	1.1217743158340454	-0.6655163168907166	1.0490983724594116	0.2841031551361084	-0.7462295293807983	0.9256846308708191	1.6208651065826416	0.793712854385376	-1.6392940282821655	-2.1711337566375732	-0.05705685541033745	-0.1797334849834442	-1.106490135192871	-1.0198116302490234	-1.0252399444580078	1.5609276294708252
